collected_at,interval_date,field,original_value,corrected_value,abs_diff,ratio,lag_hours
2026-04-09 14:57:37,2026-04-02 15:00:00,Production,742.0,998.0,256.0,1.345,167.96
2026-04-09 14:57:37,2026-04-02 15:00:00,FeedIn,470.0,520.0,50.0,1.1064,167.96
2026-04-09 14:57:37,2026-04-02 15:00:00,Consumption,272.0,478.0,206.0,1.7574,167.96
2026-04-09 14:57:37,2026-04-02 15:00:00,SelfConsumption,272.0,478.0,206.0,1.7574,167.96
2026-04-09 14:57:37,2026-04-02 15:45:00,Production,486.0,680.0,194.0,1.3992,167.21
2026-04-09 14:57:37,2026-04-02 15:45:00,FeedIn,76.0,122.0,46.0,1.6053,167.21
2026-04-09 14:57:37,2026-04-02 15:45:00,Consumption,542.0,770.0,228.0,1.4207,167.21
2026-04-09 14:57:37,2026-04-02 15:45:00,Purchased,132.0,212.0,80.0,1.6061,167.21
2026-04-09 14:57:37,2026-04-02 15:45:00,SelfConsumption,410.0,558.0,148.0,1.361,167.21
2026-04-09 14:57:37,2026-04-02 17:00:00,Production,58.0,166.0,108.0,2.8621,165.96
2026-04-09 14:57:37,2026-04-02 17:00:00,FeedIn,1.0,2.0,1.0,2.0,165.96
2026-04-09 14:57:37,2026-04-02 17:00:00,Consumption,229.0,582.0,353.0,2.5415,165.96
2026-04-09 14:57:37,2026-04-02 17:00:00,Purchased,172.0,418.0,246.0,2.4302,165.96
2026-04-09 14:57:37,2026-04-02 17:00:00,SelfConsumption,57.0,164.0,107.0,2.8772,165.96
2026-04-09 14:57:37,2026-04-02 17:15:00,Production,100.0,156.0,56.0,1.56,165.71
2026-04-09 14:57:37,2026-04-02 17:15:00,FeedIn,3.0,4.0,1.0,1.3333,165.71
2026-04-09 14:57:37,2026-04-02 17:15:00,Consumption,445.0,630.0,185.0,1.4157,165.71
2026-04-09 14:57:37,2026-04-02 17:15:00,Purchased,348.0,478.0,130.0,1.3736,165.71
2026-04-09 14:57:37,2026-04-02 17:15:00,SelfConsumption,97.0,152.0,55.0,1.567,165.71
2026-04-09 14:57:37,2026-04-02 17:30:00,Production,82.0,108.0,26.0,1.3171,165.46
2026-04-09 14:57:37,2026-04-02 17:30:00,Consumption,354.0,468.0,114.0,1.322,165.46
2026-04-09 14:57:37,2026-04-02 17:30:00,Purchased,272.0,360.0,88.0,1.3235,165.46
2026-04-09 14:57:37,2026-04-02 17:30:00,SelfConsumption,82.0,108.0,26.0,1.3171,165.46
2026-04-09 14:57:37,2026-04-02 17:45:00,Production,64.0,90.0,26.0,1.4062,165.21
2026-04-09 14:57:37,2026-04-02 17:45:00,Consumption,462.0,628.0,166.0,1.3593,165.21
2026-04-09 14:57:37,2026-04-02 17:45:00,Purchased,398.0,538.0,140.0,1.3518,165.21
2026-04-09 14:57:37,2026-04-02 17:45:00,SelfConsumption,64.0,90.0,26.0,1.4062,165.21
2026-04-09 14:57:37,2026-04-02 18:15:00,Production,8.0,10.0,2.0,1.25,164.71
2026-04-09 14:57:37,2026-04-02 18:15:00,Consumption,424.0,686.0,262.0,1.6179,164.71
2026-04-09 14:57:37,2026-04-02 18:15:00,Purchased,416.0,676.0,260.0,1.625,164.71
2026-04-09 14:57:37,2026-04-02 18:15:00,SelfConsumption,8.0,10.0,2.0,1.25,164.71
2026-04-09 14:57:37,2026-04-02 20:00:00,Consumption,296.0,748.0,452.0,2.527,162.96
2026-04-09 14:57:37,2026-04-02 20:00:00,Purchased,296.0,748.0,452.0,2.527,162.96
2026-04-09 14:57:37,2026-04-02 20:45:00,Consumption,604.0,752.0,148.0,1.245,162.21
2026-04-09 14:57:37,2026-04-02 20:45:00,Purchased,604.0,752.0,148.0,1.245,162.21
2026-04-09 14:57:37,2026-04-02 21:30:00,Consumption,268.0,708.0,440.0,2.6418,161.46
2026-04-09 14:57:37,2026-04-02 21:30:00,Purchased,268.0,708.0,440.0,2.6418,161.46
2026-04-09 14:57:37,2026-04-02 22:30:00,Consumption,304.0,780.0,476.0,2.5658,160.46
2026-04-09 14:57:37,2026-04-02 22:30:00,Purchased,304.0,780.0,476.0,2.5658,160.46
2026-04-09 14:57:37,2026-04-02 23:30:00,Consumption,430.0,632.0,202.0,1.4698,159.46
2026-04-09 14:57:37,2026-04-02 23:30:00,Purchased,430.0,632.0,202.0,1.4698,159.46
2026-04-09 14:57:37,2026-04-03 00:30:00,Consumption,162.0,490.0,328.0,3.0247,158.46
2026-04-09 14:57:37,2026-04-03 00:30:00,Purchased,162.0,490.0,328.0,3.0247,158.46
2026-04-09 14:57:37,2026-04-03 07:00:00,Production,0.0,6.0,6.0,inf,151.96
2026-04-09 14:57:37,2026-04-03 07:00:00,Consumption,378.0,600.0,222.0,1.5873,151.96
2026-04-09 14:57:37,2026-04-03 07:00:00,Purchased,378.0,594.0,216.0,1.5714,151.96
2026-04-09 14:57:37,2026-04-03 07:00:00,SelfConsumption,0.0,6.0,6.0,inf,151.96
2026-04-09 14:57:37,2026-04-03 07:15:00,Production,10.0,16.0,6.0,1.6,151.71
2026-04-09 14:57:37,2026-04-03 07:15:00,Consumption,336.0,482.0,146.0,1.4345,151.71
2026-04-09 14:57:37,2026-04-03 07:15:00,Purchased,326.0,466.0,140.0,1.4294,151.71
2026-04-09 14:57:37,2026-04-03 07:15:00,SelfConsumption,10.0,16.0,6.0,1.6,151.71
2026-04-09 14:57:37,2026-04-03 08:00:00,Production,28.0,94.0,66.0,3.3571,150.96
2026-04-09 14:57:37,2026-04-03 08:00:00,Consumption,286.0,740.0,454.0,2.5874,150.96
2026-04-09 14:57:37,2026-04-03 08:00:00,Purchased,258.0,646.0,388.0,2.5039,150.96
2026-04-09 14:57:37,2026-04-03 08:00:00,SelfConsumption,28.0,94.0,66.0,3.3571,150.96
2026-04-09 14:57:37,2026-04-03 08:45:00,Production,38.0,164.0,126.0,4.3158,150.21
2026-04-09 14:57:37,2026-04-03 08:45:00,Consumption,258.0,690.0,432.0,2.6744,150.21
2026-04-09 14:57:37,2026-04-03 08:45:00,Purchased,220.0,526.0,306.0,2.3909,150.21
2026-04-09 14:57:37,2026-04-03 08:45:00,SelfConsumption,38.0,164.0,126.0,4.3158,150.21
2026-04-09 14:57:37,2026-04-03 09:15:00,Production,142.0,226.0,84.0,1.5915,149.71
2026-04-09 14:57:37,2026-04-03 09:15:00,Consumption,690.0,956.0,266.0,1.3855,149.71
2026-04-09 14:57:37,2026-04-03 09:15:00,Purchased,548.0,730.0,182.0,1.3321,149.71
2026-04-09 14:57:37,2026-04-03 09:15:00,SelfConsumption,142.0,226.0,84.0,1.5915,149.71
2026-04-09 14:57:37,2026-04-03 09:45:00,Production,80.0,222.0,142.0,2.775,149.21
2026-04-09 14:57:37,2026-04-03 09:45:00,Consumption,252.0,806.0,554.0,3.1984,149.21
2026-04-09 14:57:37,2026-04-03 09:45:00,Purchased,172.0,584.0,412.0,3.3953,149.21
2026-04-09 14:57:37,2026-04-03 09:45:00,SelfConsumption,80.0,222.0,142.0,2.775,149.21
2026-04-09 14:57:37,2026-04-03 10:00:00,Production,124.0,172.0,48.0,1.3871,148.96
2026-04-09 14:57:37,2026-04-03 10:00:00,Consumption,324.0,624.0,300.0,1.9259,148.96
2026-04-09 14:57:37,2026-04-03 10:00:00,Purchased,200.0,452.0,252.0,2.26,148.96
2026-04-09 14:57:37,2026-04-03 10:00:00,SelfConsumption,124.0,172.0,48.0,1.3871,148.96
2026-04-09 14:57:37,2026-04-03 11:15:00,Production,298.0,358.0,60.0,1.2013,147.71
2026-04-09 14:57:37,2026-04-03 11:15:00,Consumption,544.0,704.0,160.0,1.2941,147.71
2026-04-09 14:57:37,2026-04-03 11:15:00,Purchased,246.0,346.0,100.0,1.4065,147.71
2026-04-09 14:57:37,2026-04-03 11:15:00,SelfConsumption,298.0,358.0,60.0,1.2013,147.71
2026-04-09 14:57:37,2026-04-03 12:00:00,Production,54.0,140.0,86.0,2.5926,146.96
2026-04-09 14:57:37,2026-04-03 12:00:00,Consumption,312.0,730.0,418.0,2.3397,146.96
2026-04-09 14:57:37,2026-04-03 12:00:00,Purchased,258.0,590.0,332.0,2.2868,146.96
2026-04-09 14:57:37,2026-04-03 12:00:00,SelfConsumption,54.0,140.0,86.0,2.5926,146.96
2026-04-09 14:57:37,2026-04-03 12:15:00,Production,136.0,298.0,162.0,2.1912,146.71
2026-04-09 14:57:37,2026-04-03 12:15:00,FeedIn,0.0,30.0,30.0,inf,146.71
2026-04-09 14:57:37,2026-04-03 12:15:00,Consumption,616.0,846.0,230.0,1.3734,146.71
2026-04-09 14:57:37,2026-04-03 12:15:00,Purchased,480.0,578.0,98.0,1.2042,146.71
2026-04-09 14:57:37,2026-04-03 12:15:00,SelfConsumption,136.0,268.0,132.0,1.9706,146.71
2026-04-09 14:57:37,2026-04-03 13:30:00,Production,524.0,848.0,324.0,1.6183,145.46
2026-04-09 14:57:37,2026-04-03 13:30:00,FeedIn,176.0,320.0,144.0,1.8182,145.46
2026-04-09 14:57:37,2026-04-03 13:30:00,Consumption,398.0,578.0,180.0,1.4523,145.46
2026-04-09 14:57:37,2026-04-03 13:30:00,SelfConsumption,348.0,528.0,180.0,1.5172,145.46
2026-04-09 14:57:37,2026-04-03 13:45:00,Production,402.0,582.0,180.0,1.4478,145.21
2026-04-09 14:57:37,2026-04-03 13:45:00,FeedIn,91.0,130.0,39.0,1.4286,145.21
2026-04-09 14:57:37,2026-04-03 13:45:00,Consumption,359.0,512.0,153.0,1.4262,145.21
2026-04-09 14:57:37,2026-04-03 13:45:00,Purchased,48.0,60.0,12.0,1.25,145.21
2026-04-09 14:57:37,2026-04-03 13:45:00,SelfConsumption,311.0,452.0,141.0,1.4534,145.21
2026-04-09 14:57:37,2026-04-03 14:00:00,Production,310.0,448.0,138.0,1.4452,144.96
2026-04-09 14:57:37,2026-04-03 14:00:00,FeedIn,58.0,77.0,19.0,1.3276,144.96
2026-04-09 14:57:37,2026-04-03 14:00:00,Consumption,360.0,487.0,127.0,1.3528,144.96
2026-04-09 14:57:37,2026-04-03 14:00:00,Purchased,108.0,116.0,8.0,1.0741,144.96
2026-04-09 14:57:37,2026-04-03 14:00:00,SelfConsumption,252.0,371.0,119.0,1.4722,144.96
2026-04-09 14:57:37,2026-04-03 14:15:00,Production,302.0,416.0,114.0,1.3775,144.71
2026-04-09 14:57:37,2026-04-03 14:15:00,Consumption,296.0,454.0,158.0,1.5338,144.71
2026-04-09 14:57:37,2026-04-03 14:15:00,Purchased,52.0,96.0,44.0,1.8462,144.71
2026-04-09 14:57:37,2026-04-03 14:15:00,SelfConsumption,244.0,358.0,114.0,1.4672,144.71
2026-04-09 14:57:37,2026-04-03 15:00:00,Production,274.0,390.0,116.0,1.4234,143.96
2026-04-09 14:57:37,2026-04-03 15:00:00,FeedIn,41.0,97.0,56.0,2.3659,143.96
2026-04-09 14:57:37,2026-04-03 15:00:00,Consumption,297.0,365.0,68.0,1.229,143.96
2026-04-09 14:57:37,2026-04-03 15:00:00,Purchased,64.0,72.0,8.0,1.125,143.96
2026-04-09 14:57:37,2026-04-03 15:00:00,SelfConsumption,233.0,293.0,60.0,1.2575,143.96
2026-04-09 14:57:37,2026-04-03 16:00:00,Production,88.0,322.0,234.0,3.6591,142.96
2026-04-09 14:57:37,2026-04-03 16:00:00,FeedIn,11.0,80.0,69.0,7.2727,142.96
2026-04-09 14:57:37,2026-04-03 16:00:00,Consumption,101.0,366.0,265.0,3.6238,142.96
2026-04-09 14:57:37,2026-04-03 16:00:00,Purchased,24.0,124.0,100.0,5.1667,142.96
2026-04-09 14:57:37,2026-04-03 16:00:00,SelfConsumption,77.0,242.0,165.0,3.1429,142.96
2026-04-09 14:57:37,2026-04-03 16:15:00,Production,270.0,388.0,118.0,1.437,142.71
2026-04-09 14:57:37,2026-04-03 16:15:00,FeedIn,14.0,64.0,50.0,4.5714,142.71
2026-04-09 14:57:37,2026-04-03 16:15:00,Consumption,320.0,392.0,72.0,1.225,142.71
2026-04-09 14:57:37,2026-04-03 16:15:00,Purchased,64.0,68.0,4.0,1.0625,142.71
2026-04-09 14:57:37,2026-04-03 16:15:00,SelfConsumption,256.0,324.0,68.0,1.2656,142.71
2026-04-09 14:57:37,2026-04-03 16:30:00,Production,254.0,352.0,98.0,1.3858,142.46
2026-04-09 14:57:37,2026-04-03 16:30:00,FeedIn,0.0,35.0,35.0,inf,142.46
2026-04-09 14:57:37,2026-04-03 16:30:00,Consumption,326.0,409.0,83.0,1.2546,142.46
2026-04-09 14:57:37,2026-04-03 16:30:00,Purchased,72.0,92.0,20.0,1.2778,142.46
2026-04-09 14:57:37,2026-04-03 16:30:00,SelfConsumption,254.0,317.0,63.0,1.248,142.46
2026-04-09 14:57:37,2026-04-03 16:45:00,Production,174.0,248.0,74.0,1.4253,142.21
2026-04-09 14:57:37,2026-04-03 16:45:00,FeedIn,3.0,21.0,18.0,7.0,142.21
2026-04-09 14:57:37,2026-04-03 16:45:00,Consumption,281.0,351.0,70.0,1.2491,142.21
2026-04-09 14:57:37,2026-04-03 16:45:00,Purchased,110.0,124.0,14.0,1.1273,142.21
2026-04-09 14:57:37,2026-04-03 16:45:00,SelfConsumption,171.0,227.0,56.0,1.3275,142.21
2026-04-09 14:57:37,2026-04-03 17:15:00,Production,338.0,458.0,120.0,1.355,141.71
2026-04-09 14:57:37,2026-04-03 17:15:00,FeedIn,99.0,155.0,56.0,1.5657,141.71
2026-04-09 14:57:37,2026-04-03 17:15:00,Consumption,279.0,359.0,80.0,1.2867,141.71
2026-04-09 14:57:37,2026-04-03 17:15:00,Purchased,40.0,56.0,16.0,1.4,141.71
2026-04-09 14:57:37,2026-04-03 17:15:00,SelfConsumption,239.0,303.0,64.0,1.2678,141.71
2026-04-09 14:57:37,2026-04-03 17:45:00,Production,234.0,336.0,102.0,1.4359,141.21
2026-04-09 14:57:37,2026-04-03 17:45:00,FeedIn,56.0,62.0,6.0,1.1071,141.21
2026-04-09 14:57:37,2026-04-03 17:45:00,Consumption,226.0,326.0,100.0,1.4425,141.21
2026-04-09 14:57:37,2026-04-03 17:45:00,Purchased,48.0,52.0,4.0,1.0833,141.21
2026-04-09 14:57:37,2026-04-03 17:45:00,SelfConsumption,178.0,274.0,96.0,1.5393,141.21
2026-04-09 14:57:37,2026-04-03 18:00:00,Production,172.0,244.0,72.0,1.4186,140.96
2026-04-09 14:57:37,2026-04-03 18:00:00,FeedIn,19.0,26.0,7.0,1.3684,140.96
2026-04-09 14:57:37,2026-04-03 18:00:00,Consumption,301.0,402.0,101.0,1.3355,140.96
2026-04-09 14:57:37,2026-04-03 18:00:00,Purchased,148.0,184.0,36.0,1.2432,140.96
2026-04-09 14:57:37,2026-04-03 18:00:00,SelfConsumption,153.0,218.0,65.0,1.4248,140.96
2026-04-09 14:57:37,2026-04-03 18:15:00,Production,100.0,136.0,36.0,1.36,140.71
2026-04-09 14:57:37,2026-04-03 18:15:00,Consumption,211.0,317.0,106.0,1.5024,140.71
2026-04-09 14:57:37,2026-04-03 18:15:00,Purchased,120.0,190.0,70.0,1.5833,140.71
2026-04-09 14:57:37,2026-04-03 18:15:00,SelfConsumption,91.0,127.0,36.0,1.3956,140.71
2026-04-09 14:57:37,2026-04-03 18:30:00,Production,46.0,62.0,16.0,1.3478,140.46
2026-04-09 14:57:37,2026-04-03 18:30:00,Consumption,296.0,394.0,98.0,1.3311,140.46
2026-04-09 14:57:37,2026-04-03 18:30:00,Purchased,250.0,332.0,82.0,1.328,140.46
2026-04-09 14:57:37,2026-04-03 18:30:00,SelfConsumption,46.0,62.0,16.0,1.3478,140.46
2026-04-09 14:57:37,2026-04-03 18:45:00,Production,22.0,30.0,8.0,1.3636,140.21
2026-04-09 14:57:37,2026-04-03 18:45:00,Consumption,202.0,342.0,140.0,1.6931,140.21
2026-04-09 14:57:37,2026-04-03 18:45:00,Purchased,180.0,312.0,132.0,1.7333,140.21
2026-04-09 14:57:37,2026-04-03 18:45:00,SelfConsumption,22.0,30.0,8.0,1.3636,140.21
2026-04-09 14:57:37,2026-04-03 19:00:00,Consumption,278.0,442.0,164.0,1.5899,139.96
2026-04-09 14:57:37,2026-04-03 19:00:00,Purchased,274.0,438.0,164.0,1.5985,139.96
2026-04-09 14:57:37,2026-04-03 19:15:00,Consumption,322.0,466.0,144.0,1.4472,139.71
2026-04-09 14:57:37,2026-04-03 19:15:00,Purchased,322.0,466.0,144.0,1.4472,139.71
2026-04-09 14:57:37,2026-04-03 19:30:00,Consumption,252.0,424.0,172.0,1.6825,139.46
2026-04-09 14:57:37,2026-04-03 19:30:00,Purchased,252.0,424.0,172.0,1.6825,139.46
2026-04-09 14:57:37,2026-04-03 19:45:00,Consumption,236.0,362.0,126.0,1.5339,139.21
2026-04-09 14:57:37,2026-04-03 19:45:00,Purchased,236.0,362.0,126.0,1.5339,139.21
2026-04-09 14:57:37,2026-04-03 20:00:00,Consumption,164.0,334.0,170.0,2.0366,138.96
2026-04-09 14:57:37,2026-04-03 20:00:00,Purchased,164.0,334.0,170.0,2.0366,138.96
2026-04-09 14:57:37,2026-04-03 20:45:00,Consumption,206.0,460.0,254.0,2.233,138.21
2026-04-09 14:57:37,2026-04-03 20:45:00,Purchased,206.0,460.0,254.0,2.233,138.21
2026-04-09 14:57:37,2026-04-03 22:15:00,Consumption,178.0,388.0,210.0,2.1798,136.71
2026-04-09 14:57:37,2026-04-03 22:15:00,Purchased,178.0,388.0,210.0,2.1798,136.71
2026-04-09 14:57:37,2026-04-03 23:15:00,Consumption,204.0,396.0,192.0,1.9412,135.71
2026-04-09 14:57:37,2026-04-03 23:15:00,Purchased,204.0,396.0,192.0,1.9412,135.71
2026-04-09 14:57:37,2026-04-04 06:15:00,Consumption,232.0,320.0,88.0,1.3793,128.71
2026-04-09 14:57:37,2026-04-04 06:15:00,Purchased,232.0,320.0,88.0,1.3793,128.71
2026-04-09 14:57:37,2026-04-04 07:15:00,Production,260.0,428.0,168.0,1.6462,127.71
2026-04-09 14:57:37,2026-04-04 07:15:00,FeedIn,55.0,101.0,46.0,1.8364,127.71
2026-04-09 14:57:37,2026-04-04 07:15:00,Consumption,223.0,387.0,164.0,1.7354,127.71
2026-04-09 14:57:37,2026-04-04 07:15:00,Purchased,18.0,60.0,42.0,3.3333,127.71
2026-04-09 14:57:37,2026-04-04 07:15:00,SelfConsumption,205.0,327.0,122.0,1.5951,127.71
2026-04-09 14:57:37,2026-04-04 07:30:00,Production,400.0,608.0,208.0,1.52,127.46
2026-04-09 14:57:37,2026-04-04 07:30:00,FeedIn,144.0,262.0,118.0,1.8194,127.46
2026-04-09 14:57:37,2026-04-04 07:30:00,Consumption,286.0,376.0,90.0,1.3147,127.46
2026-04-09 14:57:37,2026-04-04 07:30:00,SelfConsumption,256.0,346.0,90.0,1.3516,127.46
2026-04-09 14:57:37,2026-04-04 07:45:00,Production,172.0,330.0,158.0,1.9186,127.21
2026-04-09 14:57:37,2026-04-04 07:45:00,Consumption,191.0,505.0,314.0,2.644,127.21
2026-04-09 14:57:37,2026-04-04 07:45:00,Purchased,38.0,194.0,156.0,5.1053,127.21
2026-04-09 14:57:37,2026-04-04 07:45:00,SelfConsumption,153.0,311.0,158.0,2.0327,127.21
2026-04-09 14:57:37,2026-04-04 08:00:00,Production,86.0,264.0,178.0,3.0698,126.96
2026-04-09 14:57:37,2026-04-04 08:00:00,FeedIn,0.0,1.0,1.0,inf,126.96
2026-04-09 14:57:37,2026-04-04 08:00:00,Consumption,232.0,525.0,293.0,2.2629,126.96
2026-04-09 14:57:37,2026-04-04 08:00:00,Purchased,146.0,262.0,116.0,1.7945,126.96
2026-04-09 14:57:37,2026-04-04 08:00:00,SelfConsumption,86.0,263.0,177.0,3.0581,126.96
2026-04-09 14:57:37,2026-04-04 08:15:00,Production,274.0,436.0,162.0,1.5912,126.71
2026-04-09 14:57:37,2026-04-04 08:15:00,FeedIn,33.0,50.0,17.0,1.5152,126.71
2026-04-09 14:57:37,2026-04-04 08:15:00,Consumption,437.0,600.0,163.0,1.373,126.71
2026-04-09 14:57:37,2026-04-04 08:15:00,Purchased,196.0,214.0,18.0,1.0918,126.71
2026-04-09 14:57:37,2026-04-04 08:15:00,SelfConsumption,241.0,386.0,145.0,1.6017,126.71
2026-04-09 14:57:37,2026-04-04 09:00:00,Production,1066.0,1586.0,520.0,1.4878,125.96
2026-04-09 14:57:37,2026-04-04 09:00:00,FeedIn,645.0,992.0,347.0,1.538,125.96
2026-04-09 14:57:37,2026-04-04 09:00:00,Consumption,421.0,594.0,173.0,1.4109,125.96
2026-04-09 14:57:37,2026-04-04 09:00:00,SelfConsumption,421.0,594.0,173.0,1.4109,125.96
2026-04-09 14:57:37,2026-04-04 09:30:00,Production,544.0,1624.0,1080.0,2.9853,125.46
2026-04-09 14:57:37,2026-04-04 09:30:00,FeedIn,288.0,998.0,710.0,3.4653,125.46
2026-04-09 14:57:37,2026-04-04 09:30:00,Consumption,256.0,626.0,370.0,2.4453,125.46
2026-04-09 14:57:37,2026-04-04 09:30:00,SelfConsumption,256.0,626.0,370.0,2.4453,125.46
2026-04-09 14:57:37,2026-04-04 10:30:00,Production,1332.0,1916.0,584.0,1.4384,124.46
2026-04-09 14:57:37,2026-04-04 10:30:00,FeedIn,971.0,1367.0,396.0,1.4078,124.46
2026-04-09 14:57:37,2026-04-04 10:30:00,Consumption,361.0,549.0,188.0,1.5208,124.46
2026-04-09 14:57:37,2026-04-04 10:30:00,SelfConsumption,361.0,549.0,188.0,1.5208,124.46
2026-04-09 14:57:37,2026-04-04 10:45:00,Production,1268.0,1974.0,706.0,1.5568,124.21
2026-04-09 14:57:37,2026-04-04 10:45:00,FeedIn,887.0,1395.0,508.0,1.5727,124.21
2026-04-09 14:57:37,2026-04-04 10:45:00,Consumption,381.0,579.0,198.0,1.5197,124.21
2026-04-09 14:57:37,2026-04-04 10:45:00,SelfConsumption,381.0,579.0,198.0,1.5197,124.21
2026-04-09 14:57:37,2026-04-04 11:00:00,Production,736.0,2018.0,1282.0,2.7418,123.96
2026-04-09 14:57:37,2026-04-04 11:00:00,FeedIn,433.0,1150.0,717.0,2.6559,123.96
2026-04-09 14:57:37,2026-04-04 11:00:00,Consumption,303.0,868.0,565.0,2.8647,123.96
2026-04-09 14:57:37,2026-04-04 11:00:00,SelfConsumption,303.0,868.0,565.0,2.8647,123.96
2026-04-09 14:57:37,2026-04-04 11:15:00,Production,636.0,1910.0,1274.0,3.0031,123.71
2026-04-09 14:57:37,2026-04-04 11:15:00,FeedIn,326.0,1270.0,944.0,3.8957,123.71
2026-04-09 14:57:37,2026-04-04 11:15:00,Consumption,310.0,640.0,330.0,2.0645,123.71
2026-04-09 14:57:37,2026-04-04 11:15:00,SelfConsumption,310.0,640.0,330.0,2.0645,123.71
2026-04-09 14:57:37,2026-04-04 11:30:00,Production,1076.0,1738.0,662.0,1.6152,123.46
2026-04-09 14:57:37,2026-04-04 11:30:00,FeedIn,690.0,1162.0,472.0,1.6841,123.46
2026-04-09 14:57:37,2026-04-04 11:30:00,Consumption,386.0,576.0,190.0,1.4922,123.46
2026-04-09 14:57:37,2026-04-04 11:30:00,SelfConsumption,386.0,576.0,190.0,1.4922,123.46
2026-04-09 14:57:37,2026-04-04 11:45:00,Production,1584.0,2168.0,584.0,1.3687,123.21
2026-04-09 14:57:37,2026-04-04 11:45:00,FeedIn,1016.0,1407.0,391.0,1.3848,123.21
2026-04-09 14:57:37,2026-04-04 11:45:00,Consumption,568.0,761.0,193.0,1.3398,123.21
2026-04-09 14:57:37,2026-04-04 11:45:00,SelfConsumption,568.0,761.0,193.0,1.3398,123.21
2026-04-09 14:57:37,2026-04-04 12:00:00,Production,446.0,1424.0,978.0,3.1928,122.96
2026-04-09 14:57:37,2026-04-04 12:00:00,FeedIn,197.0,846.0,649.0,4.2944,122.96
2026-04-09 14:57:37,2026-04-04 12:00:00,Consumption,249.0,578.0,329.0,2.3213,122.96
2026-04-09 14:57:37,2026-04-04 12:00:00,SelfConsumption,249.0,578.0,329.0,2.3213,122.96
2026-04-09 14:57:37,2026-04-04 12:15:00,Production,750.0,2368.0,1618.0,3.1573,122.71
2026-04-09 14:57:37,2026-04-04 12:15:00,FeedIn,604.0,1900.0,1296.0,3.1457,122.71
2026-04-09 14:57:37,2026-04-04 12:15:00,Consumption,146.0,468.0,322.0,3.2055,122.71
2026-04-09 14:57:37,2026-04-04 12:15:00,SelfConsumption,146.0,468.0,322.0,3.2055,122.71
2026-04-09 14:57:37,2026-04-04 12:30:00,Production,1644.0,2482.0,838.0,1.5097,122.46
2026-04-09 14:57:37,2026-04-04 12:30:00,FeedIn,1221.0,1956.0,735.0,1.602,122.46
2026-04-09 14:57:37,2026-04-04 12:30:00,Consumption,423.0,526.0,103.0,1.2435,122.46
2026-04-09 14:57:37,2026-04-04 12:30:00,SelfConsumption,423.0,526.0,103.0,1.2435,122.46
2026-04-09 14:57:37,2026-04-04 12:45:00,Production,1658.0,2480.0,822.0,1.4958,122.21
2026-04-09 14:57:37,2026-04-04 12:45:00,FeedIn,1206.0,1885.0,679.0,1.563,122.21
2026-04-09 14:57:37,2026-04-04 12:45:00,Consumption,452.0,595.0,143.0,1.3164,122.21
2026-04-09 14:57:37,2026-04-04 12:45:00,SelfConsumption,452.0,595.0,143.0,1.3164,122.21
2026-04-09 14:57:37,2026-04-04 13:00:00,Production,1636.0,2468.0,832.0,1.5086,121.96
2026-04-09 14:57:37,2026-04-04 13:00:00,FeedIn,1222.0,1931.0,709.0,1.5802,121.96
2026-04-09 14:57:37,2026-04-04 13:00:00,Consumption,414.0,537.0,123.0,1.2971,121.96
2026-04-09 14:57:37,2026-04-04 13:00:00,SelfConsumption,414.0,537.0,123.0,1.2971,121.96
2026-04-09 14:57:37,2026-04-04 13:15:00,Production,1596.0,2422.0,826.0,1.5175,121.71
2026-04-09 14:57:37,2026-04-04 13:15:00,FeedIn,1222.0,1897.0,675.0,1.5524,121.71
2026-04-09 14:57:37,2026-04-04 13:15:00,Consumption,374.0,525.0,151.0,1.4037,121.71
2026-04-09 14:57:37,2026-04-04 13:15:00,SelfConsumption,374.0,525.0,151.0,1.4037,121.71
2026-04-09 14:57:37,2026-04-04 13:30:00,Production,1584.0,2366.0,782.0,1.4937,121.46
2026-04-09 14:57:37,2026-04-04 13:30:00,FeedIn,1213.0,1792.0,579.0,1.4773,121.46
2026-04-09 14:57:37,2026-04-04 13:30:00,Consumption,371.0,574.0,203.0,1.5472,121.46
2026-04-09 14:57:37,2026-04-04 13:30:00,SelfConsumption,371.0,574.0,203.0,1.5472,121.46
2026-04-09 14:57:37,2026-04-04 13:45:00,Production,1602.0,2406.0,804.0,1.5019,121.21
2026-04-09 14:57:37,2026-04-04 13:45:00,FeedIn,1240.0,1811.0,571.0,1.4605,121.21
2026-04-09 14:57:37,2026-04-04 13:45:00,Consumption,362.0,595.0,233.0,1.6436,121.21
2026-04-09 14:57:37,2026-04-04 13:45:00,SelfConsumption,362.0,595.0,233.0,1.6436,121.21
2026-04-09 14:57:37,2026-04-04 14:00:00,Production,786.0,2348.0,1562.0,2.9873,120.96
2026-04-09 14:57:37,2026-04-04 14:00:00,FeedIn,659.0,1616.0,957.0,2.4522,120.96
2026-04-09 14:57:37,2026-04-04 14:00:00,Consumption,127.0,732.0,605.0,5.7638,120.96
2026-04-09 14:57:37,2026-04-04 14:00:00,SelfConsumption,127.0,732.0,605.0,5.7638,120.96
2026-04-09 14:57:37,2026-04-04 14:15:00,Production,1526.0,2290.0,764.0,1.5007,120.71
2026-04-09 14:57:37,2026-04-04 14:15:00,FeedIn,954.0,1562.0,608.0,1.6373,120.71
2026-04-09 14:57:37,2026-04-04 14:15:00,Consumption,572.0,728.0,156.0,1.2727,120.71
2026-04-09 14:57:37,2026-04-04 14:15:00,SelfConsumption,572.0,728.0,156.0,1.2727,120.71
2026-04-09 14:57:37,2026-04-04 15:15:00,Production,660.0,1948.0,1288.0,2.9515,119.71
2026-04-09 14:57:37,2026-04-04 15:15:00,FeedIn,531.0,1405.0,874.0,2.646,119.71
2026-04-09 14:57:37,2026-04-04 15:15:00,Consumption,129.0,543.0,414.0,4.2093,119.71
2026-04-09 14:57:37,2026-04-04 15:15:00,SelfConsumption,129.0,543.0,414.0,4.2093,119.71
2026-04-09 14:57:37,2026-04-04 15:30:00,Production,1238.0,1846.0,608.0,1.4911,119.46
2026-04-09 14:57:37,2026-04-04 15:30:00,FeedIn,828.0,1299.0,471.0,1.5688,119.46
2026-04-09 14:57:37,2026-04-04 15:30:00,Consumption,410.0,547.0,137.0,1.3341,119.46
2026-04-09 14:57:37,2026-04-04 15:30:00,SelfConsumption,410.0,547.0,137.0,1.3341,119.46
2026-04-09 14:57:37,2026-04-04 15:45:00,Production,582.0,1720.0,1138.0,2.9553,119.21
2026-04-09 14:57:37,2026-04-04 15:45:00,FeedIn,365.0,1167.0,802.0,3.1973,119.21
2026-04-09 14:57:37,2026-04-04 15:45:00,Consumption,217.0,553.0,336.0,2.5484,119.21
2026-04-09 14:57:37,2026-04-04 15:45:00,SelfConsumption,217.0,553.0,336.0,2.5484,119.21
2026-04-09 14:57:37,2026-04-04 16:15:00,Production,526.0,1536.0,1010.0,2.9202,118.71
2026-04-09 14:57:37,2026-04-04 16:15:00,FeedIn,295.0,1098.0,803.0,3.722,118.71
2026-04-09 14:57:37,2026-04-04 16:15:00,Consumption,231.0,438.0,207.0,1.8961,118.71
2026-04-09 14:57:37,2026-04-04 16:15:00,SelfConsumption,231.0,438.0,207.0,1.8961,118.71
2026-04-09 14:57:37,2026-04-04 16:30:00,Production,928.0,1414.0,486.0,1.5237,118.46
2026-04-09 14:57:37,2026-04-04 16:30:00,FeedIn,696.0,1036.0,340.0,1.4885,118.46
2026-04-09 14:57:37,2026-04-04 16:30:00,Consumption,232.0,378.0,146.0,1.6293,118.46
2026-04-09 14:57:37,2026-04-04 16:30:00,SelfConsumption,232.0,378.0,146.0,1.6293,118.46
2026-04-09 14:57:37,2026-04-04 16:45:00,Production,880.0,1266.0,386.0,1.4386,118.21
2026-04-09 14:57:37,2026-04-04 16:45:00,FeedIn,677.0,920.0,243.0,1.3589,118.21
2026-04-09 14:57:37,2026-04-04 16:45:00,Consumption,203.0,346.0,143.0,1.7044,118.21
2026-04-09 14:57:37,2026-04-04 16:45:00,SelfConsumption,203.0,346.0,143.0,1.7044,118.21
2026-04-09 14:57:37,2026-04-04 17:00:00,Production,232.0,608.0,376.0,2.6207,117.96
2026-04-09 14:57:37,2026-04-04 17:00:00,FeedIn,166.0,322.0,156.0,1.9398,117.96
2026-04-09 14:57:37,2026-04-04 17:00:00,Consumption,66.0,288.0,222.0,4.3636,117.96
2026-04-09 14:57:37,2026-04-04 17:00:00,Purchased,0.0,2.0,2.0,inf,117.96
2026-04-09 14:57:37,2026-04-04 17:00:00,SelfConsumption,66.0,286.0,220.0,4.3333,117.96
2026-04-09 14:57:37,2026-04-04 17:15:00,Production,296.0,1012.0,716.0,3.4189,117.71
2026-04-09 14:57:37,2026-04-04 17:15:00,FeedIn,176.0,705.0,529.0,4.0057,117.71
2026-04-09 14:57:37,2026-04-04 17:15:00,Consumption,120.0,307.0,187.0,2.5583,117.71
2026-04-09 14:57:37,2026-04-04 17:15:00,SelfConsumption,120.0,307.0,187.0,2.5583,117.71
2026-04-09 14:57:37,2026-04-04 17:30:00,Production,556.0,674.0,118.0,1.2122,117.46
2026-04-09 14:57:37,2026-04-04 17:30:00,FeedIn,350.0,367.0,17.0,1.0486,117.46
2026-04-09 14:57:37,2026-04-04 17:30:00,Consumption,206.0,329.0,123.0,1.5971,117.46
2026-04-09 14:57:37,2026-04-04 17:30:00,Purchased,0.0,22.0,22.0,inf,117.46
2026-04-09 14:57:37,2026-04-04 17:30:00,SelfConsumption,206.0,307.0,101.0,1.4903,117.46
2026-04-09 14:57:37,2026-04-04 17:45:00,Production,166.0,284.0,118.0,1.7108,117.21
2026-04-09 14:57:37,2026-04-04 17:45:00,FeedIn,45.0,61.0,16.0,1.3556,117.21
2026-04-09 14:57:37,2026-04-04 17:45:00,Consumption,239.0,375.0,136.0,1.569,117.21
2026-04-09 14:57:37,2026-04-04 17:45:00,Purchased,118.0,152.0,34.0,1.2881,117.21
2026-04-09 14:57:37,2026-04-04 17:45:00,SelfConsumption,121.0,223.0,102.0,1.843,117.21
2026-04-09 14:57:37,2026-04-04 18:15:00,Production,46.0,114.0,68.0,2.4783,116.71
2026-04-09 14:57:37,2026-04-04 18:15:00,FeedIn,1.0,2.0,1.0,2.0,116.71
2026-04-09 14:57:37,2026-04-04 18:15:00,Consumption,139.0,380.0,241.0,2.7338,116.71
2026-04-09 14:57:37,2026-04-04 18:15:00,Purchased,94.0,268.0,174.0,2.8511,116.71
2026-04-09 14:57:37,2026-04-04 18:15:00,SelfConsumption,45.0,112.0,67.0,2.4889,116.71
2026-04-09 14:57:37,2026-04-04 18:30:00,Production,34.0,42.0,8.0,1.2353,116.46
2026-04-09 14:57:37,2026-04-04 18:30:00,Consumption,318.0,386.0,68.0,1.2138,116.46
2026-04-09 14:57:37,2026-04-04 18:30:00,Purchased,284.0,344.0,60.0,1.2113,116.46
2026-04-09 14:57:37,2026-04-04 18:30:00,SelfConsumption,34.0,42.0,8.0,1.2353,116.46
2026-04-09 14:57:37,2026-04-04 18:45:00,Production,10.0,12.0,2.0,1.2,116.21
2026-04-09 14:57:37,2026-04-04 18:45:00,Consumption,346.0,490.0,144.0,1.4162,116.21
2026-04-09 14:57:37,2026-04-04 18:45:00,Purchased,336.0,478.0,142.0,1.4226,116.21
2026-04-09 14:57:37,2026-04-04 18:45:00,SelfConsumption,10.0,12.0,2.0,1.2,116.21
2026-04-09 14:57:37,2026-04-04 19:00:00,Consumption,144.0,420.0,276.0,2.9167,115.96
2026-04-09 14:57:37,2026-04-04 19:00:00,Purchased,144.0,420.0,276.0,2.9167,115.96
2026-04-09 14:57:37,2026-04-04 19:15:00,Consumption,290.0,422.0,132.0,1.4552,115.71
2026-04-09 14:57:37,2026-04-04 19:15:00,Purchased,290.0,422.0,132.0,1.4552,115.71
2026-04-09 14:57:37,2026-04-04 19:30:00,Consumption,362.0,454.0,92.0,1.2541,115.46
2026-04-09 14:57:37,2026-04-04 19:30:00,Purchased,362.0,454.0,92.0,1.2541,115.46
2026-04-09 14:57:37,2026-04-04 19:45:00,Consumption,422.0,550.0,128.0,1.3033,115.21
2026-04-09 14:57:37,2026-04-04 19:45:00,Purchased,422.0,550.0,128.0,1.3033,115.21
2026-04-09 14:57:37,2026-04-04 20:00:00,Consumption,228.0,512.0,284.0,2.2456,114.96
2026-04-09 14:57:37,2026-04-04 20:00:00,Purchased,228.0,512.0,284.0,2.2456,114.96
2026-04-09 14:57:37,2026-04-04 21:30:00,Consumption,266.0,418.0,152.0,1.5714,113.46
2026-04-09 14:57:37,2026-04-04 21:30:00,Purchased,266.0,418.0,152.0,1.5714,113.46
2026-04-09 14:57:37,2026-04-04 22:30:00,Consumption,196.0,484.0,288.0,2.4694,112.46
2026-04-09 14:57:37,2026-04-04 22:30:00,Purchased,196.0,484.0,288.0,2.4694,112.46
2026-04-09 14:57:37,2026-04-05 06:30:00,Consumption,342.0,446.0,104.0,1.3041,104.46
2026-04-09 14:57:37,2026-04-05 06:30:00,Purchased,342.0,446.0,104.0,1.3041,104.46
2026-04-09 14:57:37,2026-04-05 06:45:00,Production,6.0,8.0,2.0,1.3333,104.21
2026-04-09 14:57:37,2026-04-05 06:45:00,Consumption,306.0,480.0,174.0,1.5686,104.21
2026-04-09 14:57:37,2026-04-05 06:45:00,Purchased,300.0,472.0,172.0,1.5733,104.21
2026-04-09 14:57:37,2026-04-05 06:45:00,SelfConsumption,6.0,8.0,2.0,1.3333,104.21
2026-04-09 14:57:37,2026-04-05 07:00:00,Production,14.0,24.0,10.0,1.7143,103.96
2026-04-09 14:57:37,2026-04-05 07:00:00,Consumption,326.0,608.0,282.0,1.865,103.96
2026-04-09 14:57:37,2026-04-05 07:00:00,Purchased,312.0,584.0,272.0,1.8718,103.96
2026-04-09 14:57:37,2026-04-05 07:00:00,SelfConsumption,14.0,24.0,10.0,1.7143,103.96
2026-04-09 14:57:37,2026-04-05 07:15:00,Production,20.0,26.0,6.0,1.3,103.71
2026-04-09 14:57:37,2026-04-05 07:15:00,Consumption,308.0,438.0,130.0,1.4221,103.71
2026-04-09 14:57:37,2026-04-05 07:15:00,Purchased,288.0,412.0,124.0,1.4306,103.71
2026-04-09 14:57:37,2026-04-05 07:15:00,SelfConsumption,20.0,26.0,6.0,1.3,103.71
2026-04-09 14:57:37,2026-04-05 07:30:00,Production,14.0,24.0,10.0,1.7143,103.46
2026-04-09 14:57:37,2026-04-05 07:30:00,Consumption,316.0,522.0,206.0,1.6519,103.46
2026-04-09 14:57:37,2026-04-05 07:30:00,Purchased,302.0,498.0,196.0,1.649,103.46
2026-04-09 14:57:37,2026-04-05 07:30:00,SelfConsumption,14.0,24.0,10.0,1.7143,103.46
2026-04-09 14:57:37,2026-04-05 07:45:00,Production,6.0,36.0,30.0,6.0,103.21
2026-04-09 14:57:37,2026-04-05 07:45:00,Consumption,258.0,550.0,292.0,2.1318,103.21
2026-04-09 14:57:37,2026-04-05 07:45:00,Purchased,252.0,514.0,262.0,2.0397,103.21
2026-04-09 14:57:37,2026-04-05 07:45:00,SelfConsumption,6.0,36.0,30.0,6.0,103.21
2026-04-09 14:57:37,2026-04-05 08:00:00,Production,12.0,44.0,32.0,3.6667,102.96
2026-04-09 14:57:37,2026-04-05 08:00:00,Consumption,120.0,412.0,292.0,3.4333,102.96
2026-04-09 14:57:37,2026-04-05 08:00:00,Purchased,108.0,368.0,260.0,3.4074,102.96
2026-04-09 14:57:37,2026-04-05 08:00:00,SelfConsumption,12.0,44.0,32.0,3.6667,102.96
2026-04-09 14:57:37,2026-04-05 08:15:00,Production,58.0,96.0,38.0,1.6552,102.71
2026-04-09 14:57:37,2026-04-05 08:15:00,FeedIn,0.0,1.0,1.0,inf,102.71
2026-04-09 14:57:37,2026-04-05 08:15:00,Consumption,388.0,515.0,127.0,1.3273,102.71
2026-04-09 14:57:37,2026-04-05 08:15:00,Purchased,330.0,420.0,90.0,1.2727,102.71
2026-04-09 14:57:37,2026-04-05 08:15:00,SelfConsumption,58.0,95.0,37.0,1.6379,102.71
2026-04-09 14:57:37,2026-04-05 09:15:00,Production,62.0,220.0,158.0,3.5484,101.71
2026-04-09 14:57:37,2026-04-05 09:15:00,FeedIn,0.0,7.0,7.0,inf,101.71
2026-04-09 14:57:37,2026-04-05 09:15:00,Consumption,242.0,801.0,559.0,3.3099,101.71
2026-04-09 14:57:37,2026-04-05 09:15:00,Purchased,180.0,588.0,408.0,3.2667,101.71
2026-04-09 14:57:37,2026-04-05 09:15:00,SelfConsumption,62.0,213.0,151.0,3.4355,101.71
2026-04-09 14:57:37,2026-04-05 10:00:00,Production,124.0,182.0,58.0,1.4677,100.96
2026-04-09 14:57:37,2026-04-05 10:00:00,Consumption,1212.0,1942.0,730.0,1.6023,100.96
2026-04-09 14:57:37,2026-04-05 10:00:00,Purchased,1088.0,1760.0,672.0,1.6176,100.96
2026-04-09 14:57:37,2026-04-05 10:00:00,SelfConsumption,124.0,182.0,58.0,1.4677,100.96
2026-04-09 14:57:37,2026-04-05 10:15:00,Production,174.0,278.0,104.0,1.5977,100.71
2026-04-09 14:57:37,2026-04-05 10:15:00,Consumption,494.0,722.0,228.0,1.4615,100.71
2026-04-09 14:57:37,2026-04-05 10:15:00,Purchased,320.0,444.0,124.0,1.3875,100.71
2026-04-09 14:57:37,2026-04-05 10:15:00,SelfConsumption,174.0,278.0,104.0,1.5977,100.71
2026-04-09 14:57:37,2026-04-05 10:30:00,Production,220.0,324.0,104.0,1.4727,100.46
2026-04-09 14:57:37,2026-04-05 10:30:00,FeedIn,7.0,8.0,1.0,1.1429,100.46
2026-04-09 14:57:37,2026-04-05 10:30:00,Consumption,329.0,566.0,237.0,1.7204,100.46
2026-04-09 14:57:37,2026-04-05 10:30:00,Purchased,116.0,250.0,134.0,2.1552,100.46
2026-04-09 14:57:37,2026-04-05 10:30:00,SelfConsumption,213.0,316.0,103.0,1.4836,100.46
2026-04-09 14:57:37,2026-04-05 10:45:00,Production,94.0,154.0,60.0,1.6383,100.21
2026-04-09 14:57:37,2026-04-05 10:45:00,Consumption,308.0,494.0,186.0,1.6039,100.21
2026-04-09 14:57:37,2026-04-05 10:45:00,Purchased,214.0,340.0,126.0,1.5888,100.21
2026-04-09 14:57:37,2026-04-05 10:45:00,SelfConsumption,94.0,154.0,60.0,1.6383,100.21
2026-04-09 14:57:37,2026-04-05 11:00:00,Production,252.0,416.0,164.0,1.6508,99.96
2026-04-09 14:57:37,2026-04-05 11:00:00,FeedIn,2.0,14.0,12.0,7.0,99.96
2026-04-09 14:57:37,2026-04-05 11:00:00,Consumption,372.0,614.0,242.0,1.6505,99.96
2026-04-09 14:57:37,2026-04-05 11:00:00,Purchased,122.0,212.0,90.0,1.7377,99.96
2026-04-09 14:57:37,2026-04-05 11:00:00,SelfConsumption,250.0,402.0,152.0,1.608,99.96
2026-04-09 14:57:37,2026-04-05 11:15:00,Production,224.0,308.0,84.0,1.375,99.71
2026-04-09 14:57:37,2026-04-05 11:15:00,FeedIn,13.0,18.0,5.0,1.3846,99.71
2026-04-09 14:57:37,2026-04-05 11:15:00,Consumption,357.0,546.0,189.0,1.5294,99.71
2026-04-09 14:57:37,2026-04-05 11:15:00,Purchased,146.0,256.0,110.0,1.7534,99.71
2026-04-09 14:57:37,2026-04-05 11:15:00,SelfConsumption,211.0,290.0,79.0,1.3744,99.71
2026-04-09 14:57:37,2026-04-05 11:30:00,Production,226.0,330.0,104.0,1.4602,99.46
2026-04-09 14:57:37,2026-04-05 11:30:00,FeedIn,0.0,2.0,2.0,inf,99.46
2026-04-09 14:57:37,2026-04-05 11:30:00,Consumption,1222.0,1758.0,536.0,1.4386,99.46
2026-04-09 14:57:37,2026-04-05 11:30:00,Purchased,996.0,1430.0,434.0,1.4357,99.46
2026-04-09 14:57:37,2026-04-05 11:30:00,SelfConsumption,226.0,328.0,102.0,1.4513,99.46
2026-04-09 14:57:37,2026-04-05 11:45:00,Production,242.0,398.0,156.0,1.6446,99.21
2026-04-09 14:57:37,2026-04-05 11:45:00,FeedIn,1.0,47.0,46.0,47.0,99.21
2026-04-09 14:57:37,2026-04-05 11:45:00,Consumption,421.0,535.0,114.0,1.2708,99.21
2026-04-09 14:57:37,2026-04-05 11:45:00,Purchased,180.0,184.0,4.0,1.0222,99.21
2026-04-09 14:57:37,2026-04-05 11:45:00,SelfConsumption,241.0,351.0,110.0,1.4564,99.21
2026-04-09 14:57:37,2026-04-05 12:00:00,Production,172.0,802.0,630.0,4.6628,98.96
2026-04-09 14:57:37,2026-04-05 12:00:00,FeedIn,1.0,214.0,213.0,214.0,98.96
2026-04-09 14:57:37,2026-04-05 12:00:00,Consumption,195.0,612.0,417.0,3.1385,98.96
2026-04-09 14:57:37,2026-04-05 12:00:00,SelfConsumption,171.0,588.0,417.0,3.4386,98.96
2026-04-09 14:57:37,2026-04-05 12:15:00,Production,270.0,698.0,428.0,2.5852,98.71
2026-04-09 14:57:37,2026-04-05 12:15:00,FeedIn,102.0,118.0,16.0,1.1569,98.71
2026-04-09 14:57:37,2026-04-05 12:15:00,Consumption,170.0,688.0,518.0,4.0471,98.71
2026-04-09 14:57:37,2026-04-05 12:15:00,Purchased,2.0,108.0,106.0,54.0,98.71
2026-04-09 14:57:37,2026-04-05 12:15:00,SelfConsumption,168.0,580.0,412.0,3.4524,98.71
2026-04-09 14:57:37,2026-04-05 12:30:00,Production,518.0,796.0,278.0,1.5367,98.46
2026-04-09 14:57:37,2026-04-05 12:30:00,FeedIn,113.0,191.0,78.0,1.6903,98.46
2026-04-09 14:57:37,2026-04-05 12:30:00,Consumption,429.0,633.0,204.0,1.4755,98.46
2026-04-09 14:57:37,2026-04-05 12:30:00,Purchased,24.0,28.0,4.0,1.1667,98.46
2026-04-09 14:57:37,2026-04-05 12:30:00,SelfConsumption,405.0,605.0,200.0,1.4938,98.46
2026-04-09 14:57:37,2026-04-05 12:45:00,Production,352.0,490.0,138.0,1.392,98.21
2026-04-09 14:57:37,2026-04-05 12:45:00,FeedIn,24.0,38.0,14.0,1.5833,98.21
2026-04-09 14:57:37,2026-04-05 12:45:00,Consumption,404.0,654.0,250.0,1.6188,98.21
2026-04-09 14:57:37,2026-04-05 12:45:00,Purchased,76.0,202.0,126.0,2.6579,98.21
2026-04-09 14:57:37,2026-04-05 12:45:00,SelfConsumption,328.0,452.0,124.0,1.378,98.21
2026-04-09 14:57:37,2026-04-05 13:15:00,Production,234.0,332.0,98.0,1.4188,97.71
2026-04-09 14:57:37,2026-04-05 13:15:00,FeedIn,1.0,2.0,1.0,2.0,97.71
2026-04-09 14:57:37,2026-04-05 13:15:00,Consumption,469.0,606.0,137.0,1.2921,97.71
2026-04-09 14:57:37,2026-04-05 13:15:00,Purchased,236.0,276.0,40.0,1.1695,97.71
2026-04-09 14:57:37,2026-04-05 13:15:00,SelfConsumption,233.0,330.0,97.0,1.4163,97.71
2026-04-09 14:57:37,2026-04-05 13:30:00,Production,316.0,388.0,72.0,1.2278,97.46
2026-04-09 14:57:37,2026-04-05 13:30:00,FeedIn,2.0,7.0,5.0,3.5,97.46
2026-04-09 14:57:37,2026-04-05 13:30:00,Consumption,518.0,653.0,135.0,1.2606,97.46
2026-04-09 14:57:37,2026-04-05 13:30:00,Purchased,204.0,272.0,68.0,1.3333,97.46
2026-04-09 14:57:37,2026-04-05 13:30:00,SelfConsumption,314.0,381.0,67.0,1.2134,97.46
2026-04-09 14:57:37,2026-04-05 13:45:00,Production,274.0,436.0,162.0,1.5912,97.21
2026-04-09 14:57:37,2026-04-05 13:45:00,FeedIn,1.0,44.0,43.0,44.0,97.21
2026-04-09 14:57:37,2026-04-05 13:45:00,Consumption,471.0,596.0,125.0,1.2654,97.21
2026-04-09 14:57:37,2026-04-05 13:45:00,Purchased,198.0,204.0,6.0,1.0303,97.21
2026-04-09 14:57:37,2026-04-05 13:45:00,SelfConsumption,273.0,392.0,119.0,1.4359,97.21
2026-04-09 14:57:37,2026-04-05 14:00:00,Production,266.0,480.0,214.0,1.8045,96.96
2026-04-09 14:57:37,2026-04-05 14:00:00,FeedIn,2.0,63.0,61.0,31.5,96.96
2026-04-09 14:57:37,2026-04-05 14:00:00,Consumption,486.0,651.0,165.0,1.3395,96.96
2026-04-09 14:57:37,2026-04-05 14:00:00,Purchased,222.0,234.0,12.0,1.0541,96.96
2026-04-09 14:57:37,2026-04-05 14:00:00,SelfConsumption,264.0,417.0,153.0,1.5795,96.96
2026-04-09 14:57:37,2026-04-05 14:15:00,Production,286.0,408.0,122.0,1.4266,96.71
2026-04-09 14:57:37,2026-04-05 14:15:00,Consumption,376.0,590.0,214.0,1.5691,96.71
2026-04-09 14:57:37,2026-04-05 14:15:00,Purchased,108.0,200.0,92.0,1.8519,96.71
2026-04-09 14:57:37,2026-04-05 14:15:00,SelfConsumption,268.0,390.0,122.0,1.4552,96.71
2026-04-09 14:57:37,2026-04-05 15:00:00,Production,42.0,134.0,92.0,3.1905,95.96
2026-04-09 14:57:37,2026-04-05 15:00:00,Consumption,182.0,622.0,440.0,3.4176,95.96
2026-04-09 14:57:37,2026-04-05 15:00:00,Purchased,140.0,488.0,348.0,3.4857,95.96
2026-04-09 14:57:37,2026-04-05 15:00:00,SelfConsumption,42.0,134.0,92.0,3.1905,95.96
2026-04-09 14:57:37,2026-04-05 15:15:00,Production,102.0,152.0,50.0,1.4902,95.71
2026-04-09 14:57:37,2026-04-05 15:15:00,Consumption,484.0,666.0,182.0,1.376,95.71
2026-04-09 14:57:37,2026-04-05 15:15:00,Purchased,382.0,514.0,132.0,1.3455,95.71
2026-04-09 14:57:37,2026-04-05 15:15:00,SelfConsumption,102.0,152.0,50.0,1.4902,95.71
2026-04-09 14:57:37,2026-04-05 15:30:00,Production,136.0,226.0,90.0,1.6618,95.46
2026-04-09 14:57:37,2026-04-05 15:30:00,Consumption,422.0,604.0,182.0,1.4313,95.46
2026-04-09 14:57:37,2026-04-05 15:30:00,Purchased,286.0,378.0,92.0,1.3217,95.46
2026-04-09 14:57:37,2026-04-05 15:30:00,SelfConsumption,136.0,226.0,90.0,1.6618,95.46
2026-04-09 14:57:37,2026-04-05 15:45:00,Production,152.0,214.0,62.0,1.4079,95.21
2026-04-09 14:57:37,2026-04-05 15:45:00,Consumption,361.0,489.0,128.0,1.3546,95.21
2026-04-09 14:57:37,2026-04-05 15:45:00,Purchased,224.0,290.0,66.0,1.2946,95.21
2026-04-09 14:57:37,2026-04-05 15:45:00,SelfConsumption,137.0,199.0,62.0,1.4526,95.21
2026-04-09 14:57:37,2026-04-05 16:15:00,Production,60.0,148.0,88.0,2.4667,94.71
2026-04-09 14:57:37,2026-04-05 16:15:00,FeedIn,11.0,14.0,3.0,1.2727,94.71
2026-04-09 14:57:37,2026-04-05 16:15:00,Consumption,73.0,298.0,225.0,4.0822,94.71
2026-04-09 14:57:37,2026-04-05 16:15:00,Purchased,24.0,164.0,140.0,6.8333,94.71
2026-04-09 14:57:37,2026-04-05 16:15:00,SelfConsumption,49.0,134.0,85.0,2.7347,94.71
2026-04-09 14:57:37,2026-04-05 16:30:00,Production,42.0,62.0,20.0,1.4762,94.46
2026-04-09 14:57:37,2026-04-05 16:30:00,Consumption,250.0,318.0,68.0,1.272,94.46
2026-04-09 14:57:37,2026-04-05 16:30:00,Purchased,208.0,256.0,48.0,1.2308,94.46
2026-04-09 14:57:37,2026-04-05 16:30:00,SelfConsumption,42.0,62.0,20.0,1.4762,94.46
2026-04-09 14:57:37,2026-04-05 16:45:00,Production,32.0,44.0,12.0,1.375,94.21
2026-04-09 14:57:37,2026-04-05 16:45:00,Consumption,230.0,356.0,126.0,1.5478,94.21
2026-04-09 14:57:37,2026-04-05 16:45:00,Purchased,198.0,312.0,114.0,1.5758,94.21
2026-04-09 14:57:37,2026-04-05 16:45:00,SelfConsumption,32.0,44.0,12.0,1.375,94.21
2026-04-09 14:57:37,2026-04-05 17:00:00,Production,22.0,46.0,24.0,2.0909,93.96
2026-04-09 14:57:37,2026-04-05 17:00:00,FeedIn,1.0,3.0,2.0,3.0,93.96
2026-04-09 14:57:37,2026-04-05 17:00:00,Consumption,193.0,401.0,208.0,2.0777,93.96
2026-04-09 14:57:37,2026-04-05 17:00:00,Purchased,172.0,358.0,186.0,2.0814,93.96
2026-04-09 14:57:37,2026-04-05 17:00:00,SelfConsumption,21.0,43.0,22.0,2.0476,93.96
2026-04-09 14:57:37,2026-04-05 17:15:00,Production,18.0,72.0,54.0,4.0,93.71
2026-04-09 14:57:37,2026-04-05 17:15:00,FeedIn,0.0,1.0,1.0,inf,93.71
2026-04-09 14:57:37,2026-04-05 17:15:00,Consumption,70.0,287.0,217.0,4.1,93.71
2026-04-09 14:57:37,2026-04-05 17:15:00,Purchased,52.0,216.0,164.0,4.1538,93.71
2026-04-09 14:57:37,2026-04-05 17:15:00,SelfConsumption,18.0,71.0,53.0,3.9444,93.71
2026-04-09 14:57:37,2026-04-05 17:30:00,Production,38.0,56.0,18.0,1.4737,93.46
2026-04-09 14:57:37,2026-04-05 17:30:00,Consumption,294.0,360.0,66.0,1.2245,93.46
2026-04-09 14:57:37,2026-04-05 17:30:00,Purchased,256.0,304.0,48.0,1.1875,93.46
2026-04-09 14:57:37,2026-04-05 17:30:00,SelfConsumption,38.0,56.0,18.0,1.4737,93.46
2026-04-09 14:57:37,2026-04-05 17:45:00,Production,28.0,34.0,6.0,1.2143,93.21
2026-04-09 14:57:37,2026-04-05 17:45:00,Consumption,304.0,410.0,106.0,1.3487,93.21
2026-04-09 14:57:37,2026-04-05 17:45:00,Purchased,276.0,376.0,100.0,1.3623,93.21
2026-04-09 14:57:37,2026-04-05 17:45:00,SelfConsumption,28.0,34.0,6.0,1.2143,93.21
2026-04-09 14:57:37,2026-04-05 18:00:00,Production,8.0,42.0,34.0,5.25,92.96
2026-04-09 14:57:37,2026-04-05 18:00:00,Consumption,192.0,562.0,370.0,2.9271,92.96
2026-04-09 14:57:37,2026-04-05 18:00:00,Purchased,184.0,520.0,336.0,2.8261,92.96
2026-04-09 14:57:37,2026-04-05 18:00:00,SelfConsumption,8.0,42.0,34.0,5.25,92.96
2026-04-09 14:57:37,2026-04-05 18:15:00,Production,18.0,52.0,34.0,2.8889,92.71
2026-04-09 14:57:37,2026-04-05 18:15:00,Consumption,538.0,1732.0,1194.0,3.2193,92.71
2026-04-09 14:57:37,2026-04-05 18:15:00,Purchased,520.0,1680.0,1160.0,3.2308,92.71
2026-04-09 14:57:37,2026-04-05 18:15:00,SelfConsumption,18.0,52.0,34.0,2.8889,92.71
2026-04-09 14:57:37,2026-04-05 18:30:00,Production,16.0,20.0,4.0,1.25,92.46
2026-04-09 14:57:37,2026-04-05 18:30:00,Consumption,562.0,716.0,154.0,1.274,92.46
2026-04-09 14:57:37,2026-04-05 18:30:00,Purchased,546.0,696.0,150.0,1.2747,92.46
2026-04-09 14:57:37,2026-04-05 18:30:00,SelfConsumption,16.0,20.0,4.0,1.25,92.46
2026-04-09 14:57:37,2026-04-05 18:45:00,Consumption,422.0,542.0,120.0,1.2844,92.21
2026-04-09 14:57:37,2026-04-05 18:45:00,Purchased,416.0,536.0,120.0,1.2885,92.21
2026-04-09 14:57:37,2026-04-05 19:00:00,Consumption,184.0,534.0,350.0,2.9022,91.96
2026-04-09 14:57:37,2026-04-05 19:00:00,Purchased,184.0,534.0,350.0,2.9022,91.96
2026-04-09 14:57:37,2026-04-05 19:15:00,Consumption,318.0,1440.0,1122.0,4.5283,91.71
2026-04-09 14:57:37,2026-04-05 19:15:00,Purchased,318.0,1440.0,1122.0,4.5283,91.71
2026-04-09 14:57:37,2026-04-05 19:30:00,Consumption,1346.0,1738.0,392.0,1.2912,91.46
2026-04-09 14:57:37,2026-04-05 19:30:00,Purchased,1346.0,1738.0,392.0,1.2912,91.46
2026-04-09 14:57:37,2026-04-05 19:45:00,Consumption,372.0,508.0,136.0,1.3656,91.21
2026-04-09 14:57:37,2026-04-05 19:45:00,Purchased,372.0,508.0,136.0,1.3656,91.21
2026-04-09 14:57:37,2026-04-05 20:15:00,Consumption,288.0,778.0,490.0,2.7014,90.71
2026-04-09 14:57:37,2026-04-05 20:15:00,Purchased,288.0,778.0,490.0,2.7014,90.71
2026-04-09 14:57:37,2026-04-05 21:45:00,Consumption,418.0,1264.0,846.0,3.0239,89.21
2026-04-09 14:57:37,2026-04-05 21:45:00,Purchased,418.0,1264.0,846.0,3.0239,89.21
2026-04-09 14:57:37,2026-04-05 22:45:00,Consumption,626.0,1010.0,384.0,1.6134,88.21
2026-04-09 14:57:37,2026-04-05 22:45:00,Purchased,626.0,1010.0,384.0,1.6134,88.21
2026-04-09 14:57:37,2026-04-06 00:00:00,Consumption,198.0,558.0,360.0,2.8182,86.96
2026-04-09 14:57:37,2026-04-06 00:00:00,Purchased,198.0,558.0,360.0,2.8182,86.96
2026-04-09 14:57:37,2026-04-06 06:15:00,Production,0.0,4.0,4.0,inf,80.71
2026-04-09 14:57:37,2026-04-06 06:15:00,Consumption,182.0,564.0,382.0,3.0989,80.71
2026-04-09 14:57:37,2026-04-06 06:15:00,Purchased,182.0,560.0,378.0,3.0769,80.71
2026-04-09 14:57:37,2026-04-06 06:15:00,SelfConsumption,0.0,4.0,4.0,inf,80.71
2026-04-09 14:57:37,2026-04-06 09:00:00,Production,566.0,1328.0,762.0,2.3463,77.96
2026-04-09 14:57:37,2026-04-06 09:00:00,FeedIn,131.0,339.0,208.0,2.5878,77.96
2026-04-09 14:57:37,2026-04-06 09:00:00,Consumption,465.0,1405.0,940.0,3.0215,77.96
2026-04-09 14:57:37,2026-04-06 09:00:00,Purchased,30.0,416.0,386.0,13.8667,77.96
2026-04-09 14:57:37,2026-04-06 09:00:00,SelfConsumption,435.0,989.0,554.0,2.2736,77.96
2026-04-09 14:57:37,2026-04-06 10:00:00,Production,786.0,1444.0,658.0,1.8372,76.96
2026-04-09 14:57:37,2026-04-06 10:00:00,FeedIn,288.0,763.0,475.0,2.6493,76.96
2026-04-09 14:57:37,2026-04-06 10:00:00,Consumption,538.0,721.0,183.0,1.3401,76.96
2026-04-09 14:57:37,2026-04-06 10:00:00,SelfConsumption,498.0,681.0,183.0,1.3675,76.96
2026-04-09 14:57:37,2026-04-06 10:30:00,Production,790.0,1876.0,1086.0,2.3747,76.46
2026-04-09 14:57:37,2026-04-06 10:30:00,FeedIn,436.0,768.0,332.0,1.7615,76.46
2026-04-09 14:57:37,2026-04-06 10:30:00,Consumption,354.0,1252.0,898.0,3.5367,76.46
2026-04-09 14:57:37,2026-04-06 10:30:00,Purchased,0.0,144.0,144.0,inf,76.46
2026-04-09 14:57:37,2026-04-06 10:30:00,SelfConsumption,354.0,1108.0,754.0,3.1299,76.46
2026-04-09 14:57:37,2026-04-06 12:15:00,Production,796.0,1270.0,474.0,1.5955,74.71
2026-04-09 14:57:37,2026-04-06 12:15:00,FeedIn,428.0,701.0,273.0,1.6379,74.71
2026-04-09 14:57:37,2026-04-06 12:15:00,Consumption,368.0,569.0,201.0,1.5462,74.71
2026-04-09 14:57:37,2026-04-06 12:15:00,SelfConsumption,368.0,569.0,201.0,1.5462,74.71
2026-04-09 14:57:37,2026-04-06 13:00:00,Production,758.0,1770.0,1012.0,2.3351,73.96
2026-04-09 14:57:37,2026-04-06 13:00:00,FeedIn,513.0,1169.0,656.0,2.2788,73.96
2026-04-09 14:57:37,2026-04-06 13:00:00,Consumption,245.0,601.0,356.0,2.4531,73.96
2026-04-09 14:57:37,2026-04-06 13:00:00,SelfConsumption,245.0,601.0,356.0,2.4531,73.96
2026-04-09 14:57:37,2026-04-06 14:30:00,Production,192.0,704.0,512.0,3.6667,72.46
2026-04-09 14:57:37,2026-04-06 14:30:00,FeedIn,43.0,335.0,292.0,7.7907,72.46
2026-04-09 14:57:37,2026-04-06 14:30:00,Consumption,159.0,379.0,220.0,2.3836,72.46
2026-04-09 14:57:37,2026-04-06 14:30:00,SelfConsumption,149.0,369.0,220.0,2.4765,72.46
2026-04-09 14:57:37,2026-04-06 15:00:00,Production,256.0,740.0,484.0,2.8906,71.96
2026-04-09 14:57:37,2026-04-06 15:00:00,FeedIn,148.0,398.0,250.0,2.6892,71.96
2026-04-09 14:57:37,2026-04-06 15:00:00,Consumption,108.0,342.0,234.0,3.1667,71.96
2026-04-09 14:57:37,2026-04-06 15:00:00,SelfConsumption,108.0,342.0,234.0,3.1667,71.96
2026-04-09 14:57:37,2026-04-06 15:30:00,Production,486.0,986.0,500.0,2.0288,71.46
2026-04-09 14:57:37,2026-04-06 15:30:00,FeedIn,304.0,547.0,243.0,1.7993,71.46
2026-04-09 14:57:37,2026-04-06 15:30:00,Consumption,182.0,439.0,257.0,2.4121,71.46
2026-04-09 14:57:37,2026-04-06 15:30:00,SelfConsumption,182.0,439.0,257.0,2.4121,71.46
2026-04-09 14:57:37,2026-04-06 15:45:00,Production,684.0,1132.0,448.0,1.655,71.21
2026-04-09 14:57:37,2026-04-06 15:45:00,FeedIn,422.0,744.0,322.0,1.763,71.21
2026-04-09 14:57:37,2026-04-06 15:45:00,Consumption,278.0,404.0,126.0,1.4532,71.21
2026-04-09 14:57:37,2026-04-06 15:45:00,SelfConsumption,262.0,388.0,126.0,1.4809,71.21
2026-04-09 14:57:37,2026-04-06 16:30:00,Production,266.0,410.0,144.0,1.5414,70.46
2026-04-09 14:57:37,2026-04-06 16:30:00,FeedIn,41.0,102.0,61.0,2.4878,70.46
2026-04-09 14:57:37,2026-04-06 16:30:00,Consumption,293.0,410.0,117.0,1.3993,70.46
2026-04-09 14:57:37,2026-04-06 16:30:00,Purchased,68.0,102.0,34.0,1.5,70.46
2026-04-09 14:57:37,2026-04-06 16:30:00,SelfConsumption,225.0,308.0,83.0,1.3689,70.46
2026-04-09 14:57:37,2026-04-06 17:30:00,Production,392.0,616.0,224.0,1.5714,69.46
2026-04-09 14:57:37,2026-04-06 17:30:00,FeedIn,195.0,279.0,84.0,1.4308,69.46
2026-04-09 14:57:37,2026-04-06 17:30:00,Consumption,229.0,379.0,150.0,1.655,69.46
2026-04-09 14:57:37,2026-04-06 17:30:00,Purchased,32.0,42.0,10.0,1.3125,69.46
2026-04-09 14:57:37,2026-04-06 17:30:00,SelfConsumption,197.0,337.0,140.0,1.7107,69.46
2026-04-09 14:57:37,2026-04-06 17:45:00,Production,340.0,536.0,196.0,1.5765,69.21
2026-04-09 14:57:37,2026-04-06 17:45:00,FeedIn,72.0,188.0,116.0,2.6111,69.21
2026-04-09 14:57:37,2026-04-06 17:45:00,Consumption,286.0,366.0,80.0,1.2797,69.21
2026-04-09 14:57:37,2026-04-06 17:45:00,SelfConsumption,268.0,348.0,80.0,1.2985,69.21
2026-04-09 14:57:37,2026-04-06 18:00:00,Production,396.0,552.0,156.0,1.3939,68.96
2026-04-09 14:57:37,2026-04-06 18:00:00,FeedIn,107.0,195.0,88.0,1.8224,68.96
2026-04-09 14:57:37,2026-04-06 18:00:00,Consumption,297.0,365.0,68.0,1.229,68.96
2026-04-09 14:57:37,2026-04-06 18:00:00,SelfConsumption,289.0,357.0,68.0,1.2353,68.96
2026-04-09 14:57:37,2026-04-06 18:15:00,Production,206.0,298.0,92.0,1.4466,68.71
2026-04-09 14:57:37,2026-04-06 18:15:00,FeedIn,19.0,39.0,20.0,2.0526,68.71
2026-04-09 14:57:37,2026-04-06 18:15:00,Consumption,331.0,423.0,92.0,1.2779,68.71
2026-04-09 14:57:37,2026-04-06 18:15:00,Purchased,144.0,164.0,20.0,1.1389,68.71
2026-04-09 14:57:37,2026-04-06 18:15:00,SelfConsumption,187.0,259.0,72.0,1.385,68.71
2026-04-09 14:57:37,2026-04-06 18:30:00,Production,142.0,180.0,38.0,1.2676,68.46
2026-04-09 14:57:37,2026-04-06 18:30:00,Consumption,322.0,414.0,92.0,1.2857,68.46
2026-04-09 14:57:37,2026-04-06 18:30:00,Purchased,180.0,234.0,54.0,1.3,68.46
2026-04-09 14:57:37,2026-04-06 18:30:00,SelfConsumption,142.0,180.0,38.0,1.2676,68.46
2026-04-09 14:57:37,2026-04-06 19:15:00,Consumption,128.0,438.0,310.0,3.4219,67.71
2026-04-09 14:57:37,2026-04-06 19:15:00,Purchased,128.0,438.0,310.0,3.4219,67.71
2026-04-09 14:57:37,2026-04-06 19:30:00,Consumption,322.0,516.0,194.0,1.6025,67.46
2026-04-09 14:57:37,2026-04-06 19:30:00,Purchased,322.0,516.0,194.0,1.6025,67.46
2026-04-09 14:57:37,2026-04-06 19:45:00,Consumption,284.0,416.0,132.0,1.4648,67.21
2026-04-09 14:57:37,2026-04-06 19:45:00,Purchased,284.0,416.0,132.0,1.4648,67.21
2026-04-09 14:57:37,2026-04-06 20:15:00,Consumption,110.0,442.0,332.0,4.0182,66.71
2026-04-09 14:57:37,2026-04-06 20:15:00,Purchased,110.0,442.0,332.0,4.0182,66.71
2026-04-09 14:57:37,2026-04-06 21:30:00,Consumption,516.0,704.0,188.0,1.3643,65.46
2026-04-09 14:57:37,2026-04-06 21:30:00,Purchased,516.0,704.0,188.0,1.3643,65.46
2026-04-09 14:57:37,2026-04-06 22:30:00,Consumption,470.0,766.0,296.0,1.6298,64.46
2026-04-09 14:57:37,2026-04-06 22:30:00,Purchased,470.0,766.0,296.0,1.6298,64.46
2026-04-09 14:57:37,2026-04-06 23:30:00,Consumption,502.0,754.0,252.0,1.502,63.46
2026-04-09 14:57:37,2026-04-06 23:30:00,Purchased,502.0,754.0,252.0,1.502,63.46
2026-04-09 14:57:37,2026-04-07 00:30:00,Consumption,158.0,668.0,510.0,4.2278,62.46
2026-04-09 14:57:37,2026-04-07 00:30:00,Purchased,158.0,668.0,510.0,4.2278,62.46
2026-04-09 14:57:37,2026-04-07 06:00:00,Consumption,184.0,658.0,474.0,3.5761,56.96
2026-04-09 14:57:37,2026-04-07 06:00:00,Purchased,184.0,658.0,474.0,3.5761,56.96
2026-04-09 14:57:37,2026-04-07 06:30:00,Production,6.0,28.0,22.0,4.6667,56.46
2026-04-09 14:57:37,2026-04-07 06:30:00,Consumption,204.0,724.0,520.0,3.549,56.46
2026-04-09 14:57:37,2026-04-07 06:30:00,Purchased,198.0,696.0,498.0,3.5152,56.46
2026-04-09 14:57:37,2026-04-07 06:30:00,SelfConsumption,6.0,28.0,22.0,4.6667,56.46
2026-04-09 14:57:37,2026-04-07 07:00:00,Production,48.0,166.0,118.0,3.4583,55.96
2026-04-09 14:57:37,2026-04-07 07:00:00,Consumption,128.0,662.0,534.0,5.1719,55.96
2026-04-09 14:57:37,2026-04-07 07:00:00,Purchased,80.0,496.0,416.0,6.2,55.96
2026-04-09 14:57:37,2026-04-07 07:00:00,SelfConsumption,48.0,166.0,118.0,3.4583,55.96
2026-04-09 14:57:37,2026-04-07 08:30:00,Production,136.0,694.0,558.0,5.1029,54.46
2026-04-09 14:57:37,2026-04-07 08:30:00,FeedIn,35.0,192.0,157.0,5.4857,54.46
2026-04-09 14:57:37,2026-04-07 08:30:00,Consumption,167.0,572.0,405.0,3.4251,54.46
2026-04-09 14:57:37,2026-04-07 08:30:00,Purchased,66.0,70.0,4.0,1.0606,54.46
2026-04-09 14:57:37,2026-04-07 08:30:00,SelfConsumption,101.0,502.0,401.0,4.9703,54.46
2026-04-09 14:57:37,2026-04-07 09:00:00,Production,160.0,416.0,256.0,2.6,53.96
2026-04-09 14:57:37,2026-04-07 09:00:00,FeedIn,48.0,84.0,36.0,1.75,53.96
2026-04-09 14:57:37,2026-04-07 09:00:00,Consumption,136.0,490.0,354.0,3.6029,53.96
2026-04-09 14:57:37,2026-04-07 09:00:00,Purchased,24.0,158.0,134.0,6.5833,53.96
2026-04-09 14:57:37,2026-04-07 09:00:00,SelfConsumption,112.0,332.0,220.0,2.9643,53.96
2026-04-09 14:57:37,2026-04-07 09:45:00,Production,64.0,216.0,152.0,3.375,53.21
2026-04-09 14:57:37,2026-04-07 09:45:00,Consumption,166.0,492.0,326.0,2.9639,53.21
2026-04-09 14:57:37,2026-04-07 09:45:00,Purchased,102.0,276.0,174.0,2.7059,53.21
2026-04-09 14:57:37,2026-04-07 09:45:00,SelfConsumption,64.0,216.0,152.0,3.375,53.21
2026-04-09 14:57:37,2026-04-07 10:45:00,Production,206.0,356.0,150.0,1.7282,52.21
2026-04-09 14:57:37,2026-04-07 10:45:00,FeedIn,0.0,4.0,4.0,inf,52.21
2026-04-09 14:57:37,2026-04-07 10:45:00,Consumption,446.0,756.0,310.0,1.6951,52.21
2026-04-09 14:57:37,2026-04-07 10:45:00,Purchased,240.0,404.0,164.0,1.6833,52.21
2026-04-09 14:57:37,2026-04-07 10:45:00,SelfConsumption,206.0,352.0,146.0,1.7087,52.21
2026-04-09 14:57:37,2026-04-07 12:00:00,Production,84.0,214.0,130.0,2.5476,50.96
2026-04-09 14:57:37,2026-04-07 12:00:00,Consumption,300.0,786.0,486.0,2.62,50.96
2026-04-09 14:57:37,2026-04-07 12:00:00,Purchased,216.0,572.0,356.0,2.6481,50.96
2026-04-09 14:57:37,2026-04-07 12:00:00,SelfConsumption,84.0,214.0,130.0,2.5476,50.96
2026-04-09 14:57:37,2026-04-07 12:30:00,Production,126.0,372.0,246.0,2.9524,50.46
2026-04-09 14:57:37,2026-04-07 12:30:00,Consumption,278.0,1306.0,1028.0,4.6978,50.46
2026-04-09 14:57:37,2026-04-07 12:30:00,Purchased,152.0,934.0,782.0,6.1447,50.46
2026-04-09 14:57:37,2026-04-07 12:30:00,SelfConsumption,126.0,372.0,246.0,2.9524,50.46
2026-04-09 14:57:37,2026-04-07 13:00:00,Production,128.0,384.0,256.0,3.0,49.96
2026-04-09 14:57:37,2026-04-07 13:00:00,Consumption,386.0,1050.0,664.0,2.7202,49.96
2026-04-09 14:57:37,2026-04-07 13:00:00,Purchased,258.0,666.0,408.0,2.5814,49.96
2026-04-09 14:57:37,2026-04-07 13:00:00,SelfConsumption,128.0,384.0,256.0,3.0,49.96
2026-04-09 14:57:37,2026-04-07 13:30:00,Production,152.0,478.0,326.0,3.1447,49.46
2026-04-09 14:57:37,2026-04-07 13:30:00,Consumption,310.0,1090.0,780.0,3.5161,49.46
2026-04-09 14:57:37,2026-04-07 13:30:00,Purchased,158.0,612.0,454.0,3.8734,49.46
2026-04-09 14:57:37,2026-04-07 13:30:00,SelfConsumption,152.0,478.0,326.0,3.1447,49.46
2026-04-09 14:57:37,2026-04-07 14:00:00,Production,178.0,502.0,324.0,2.8202,48.96
2026-04-09 14:57:37,2026-04-07 14:00:00,Consumption,236.0,796.0,560.0,3.3729,48.96
2026-04-09 14:57:37,2026-04-07 14:00:00,Purchased,58.0,294.0,236.0,5.069,48.96
2026-04-09 14:57:37,2026-04-07 14:00:00,SelfConsumption,178.0,502.0,324.0,2.8202,48.96
2026-04-09 14:57:37,2026-04-07 15:00:00,Production,132.0,334.0,202.0,2.5303,47.96
2026-04-09 14:57:37,2026-04-07 15:00:00,Consumption,438.0,1468.0,1030.0,3.3516,47.96
2026-04-09 14:57:37,2026-04-07 15:00:00,Purchased,306.0,1134.0,828.0,3.7059,47.96
2026-04-09 14:57:37,2026-04-07 15:00:00,SelfConsumption,132.0,334.0,202.0,2.5303,47.96
2026-04-09 14:57:37,2026-04-07 15:30:00,Production,104.0,374.0,270.0,3.5962,47.46
2026-04-09 14:57:37,2026-04-07 15:30:00,Consumption,402.0,1424.0,1022.0,3.5423,47.46
2026-04-09 14:57:37,2026-04-07 15:30:00,Purchased,298.0,1050.0,752.0,3.5235,47.46
2026-04-09 14:57:37,2026-04-07 15:30:00,SelfConsumption,104.0,374.0,270.0,3.5962,47.46
2026-04-09 14:57:37,2026-04-07 16:15:00,Production,222.0,310.0,88.0,1.3964,46.71
2026-04-09 14:57:37,2026-04-07 16:15:00,Consumption,744.0,1212.0,468.0,1.629,46.71
2026-04-09 14:57:37,2026-04-07 16:15:00,Purchased,522.0,902.0,380.0,1.728,46.71
2026-04-09 14:57:37,2026-04-07 16:15:00,SelfConsumption,222.0,310.0,88.0,1.3964,46.71
2026-04-09 14:57:37,2026-04-07 17:00:00,Production,110.0,160.0,50.0,1.4545,45.96
2026-04-09 14:57:37,2026-04-07 17:00:00,Consumption,580.0,1220.0,640.0,2.1034,45.96
2026-04-09 14:57:37,2026-04-07 17:00:00,Purchased,470.0,1060.0,590.0,2.2553,45.96
2026-04-09 14:57:37,2026-04-07 17:00:00,SelfConsumption,110.0,160.0,50.0,1.4545,45.96
2026-04-09 14:57:37,2026-04-07 18:15:00,Production,10.0,28.0,18.0,2.8,44.71
2026-04-09 14:57:37,2026-04-07 18:15:00,Consumption,242.0,756.0,514.0,3.124,44.71
2026-04-09 14:57:37,2026-04-07 18:15:00,Purchased,232.0,728.0,496.0,3.1379,44.71
2026-04-09 14:57:37,2026-04-07 18:15:00,SelfConsumption,10.0,28.0,18.0,2.8,44.71
2026-04-09 14:57:37,2026-04-07 18:30:00,Production,12.0,11.0,1.0,0.9167,44.46
2026-04-09 14:57:37,2026-04-07 18:30:00,Consumption,460.0,809.0,349.0,1.7587,44.46
2026-04-09 14:57:37,2026-04-07 18:30:00,Purchased,448.0,798.0,350.0,1.7812,44.46
2026-04-09 14:57:37,2026-04-07 18:30:00,SelfConsumption,12.0,11.0,1.0,0.9167,44.46
2026-04-09 14:57:37,2026-04-07 19:15:00,Consumption,348.0,504.0,156.0,1.4483,43.71
2026-04-09 14:57:37,2026-04-07 19:15:00,Purchased,348.0,504.0,156.0,1.4483,43.71
2026-04-09 14:57:37,2026-04-07 19:30:00,Consumption,398.0,598.0,200.0,1.5025,43.46
2026-04-09 14:57:37,2026-04-07 19:30:00,Purchased,398.0,598.0,200.0,1.5025,43.46
2026-04-09 14:57:37,2026-04-07 19:45:00,Consumption,676.0,826.0,150.0,1.2219,43.21
2026-04-09 14:57:37,2026-04-07 19:45:00,Purchased,676.0,826.0,150.0,1.2219,43.21
2026-04-09 14:57:37,2026-04-07 20:30:00,Consumption,88.0,478.0,390.0,5.4318,42.46
2026-04-09 14:57:37,2026-04-07 20:30:00,Purchased,88.0,478.0,390.0,5.4318,42.46
2026-04-09 14:57:37,2026-04-07 21:00:00,Consumption,544.0,666.0,122.0,1.2243,41.96
2026-04-09 14:57:37,2026-04-07 21:00:00,Purchased,544.0,666.0,122.0,1.2243,41.96
2026-04-09 14:57:37,2026-04-07 21:45:00,Consumption,150.0,564.0,414.0,3.76,41.21
2026-04-09 14:57:37,2026-04-07 21:45:00,Purchased,150.0,564.0,414.0,3.76,41.21
2026-04-09 14:57:37,2026-04-07 22:45:00,Consumption,438.0,682.0,244.0,1.5571,40.21
2026-04-09 14:57:37,2026-04-07 22:45:00,Purchased,438.0,682.0,244.0,1.5571,40.21
2026-04-09 14:57:37,2026-04-08 06:00:00,Consumption,186.0,650.0,464.0,3.4946,32.96
2026-04-09 14:57:37,2026-04-08 06:00:00,Purchased,186.0,650.0,464.0,3.4946,32.96
2026-04-09 14:57:37,2026-04-08 06:30:00,Production,18.0,72.0,54.0,4.0,32.46
2026-04-09 14:57:37,2026-04-08 06:30:00,Consumption,238.0,598.0,360.0,2.5126,32.46
2026-04-09 14:57:37,2026-04-08 06:30:00,Purchased,220.0,526.0,306.0,2.3909,32.46
2026-04-09 14:57:37,2026-04-08 06:30:00,SelfConsumption,18.0,72.0,54.0,4.0,32.46
2026-04-09 14:57:37,2026-04-08 07:00:00,Production,138.0,470.0,332.0,3.4058,31.96
2026-04-09 14:57:37,2026-04-08 07:00:00,FeedIn,0.0,11.0,11.0,inf,31.96
2026-04-09 14:57:37,2026-04-08 07:00:00,Consumption,206.0,797.0,591.0,3.8689,31.96
2026-04-09 14:57:37,2026-04-08 07:00:00,Purchased,68.0,338.0,270.0,4.9706,31.96
2026-04-09 14:57:37,2026-04-08 07:00:00,SelfConsumption,138.0,459.0,321.0,3.3261,31.96
2026-04-09 14:57:37,2026-04-08 07:30:00,Production,226.0,722.0,496.0,3.1947,31.46
2026-04-09 14:57:37,2026-04-08 07:30:00,FeedIn,3.0,14.0,11.0,4.6667,31.46
2026-04-09 14:57:37,2026-04-08 07:30:00,Consumption,227.0,738.0,511.0,3.2511,31.46
2026-04-09 14:57:37,2026-04-08 07:30:00,Purchased,4.0,30.0,26.0,7.5,31.46
2026-04-09 14:57:37,2026-04-08 07:30:00,SelfConsumption,223.0,708.0,485.0,3.1749,31.46
2026-04-09 14:57:37,2026-04-08 08:30:00,Production,430.0,1328.0,898.0,3.0884,30.46
2026-04-09 14:57:37,2026-04-08 08:30:00,FeedIn,302.0,707.0,405.0,2.3411,30.46
2026-04-09 14:57:37,2026-04-08 08:30:00,Consumption,128.0,621.0,493.0,4.8516,30.46
2026-04-09 14:57:37,2026-04-08 08:30:00,SelfConsumption,128.0,621.0,493.0,4.8516,30.46
2026-04-09 14:57:37,2026-04-08 09:00:00,Production,516.0,1572.0,1056.0,3.0465,29.96
2026-04-09 14:57:37,2026-04-08 09:00:00,FeedIn,273.0,887.0,614.0,3.2491,29.96
2026-04-09 14:57:37,2026-04-08 09:00:00,Consumption,243.0,685.0,442.0,2.8189,29.96
2026-04-09 14:57:37,2026-04-08 09:00:00,SelfConsumption,243.0,685.0,442.0,2.8189,29.96
2026-04-09 14:57:37,2026-04-08 09:45:00,Production,616.0,1864.0,1248.0,3.026,29.21
2026-04-09 14:57:37,2026-04-08 09:45:00,FeedIn,359.0,1274.0,915.0,3.5487,29.21
2026-04-09 14:57:37,2026-04-08 09:45:00,Consumption,257.0,590.0,333.0,2.2957,29.21
2026-04-09 14:57:37,2026-04-08 09:45:00,SelfConsumption,257.0,590.0,333.0,2.2957,29.21
2026-04-09 14:57:37,2026-04-08 11:00:00,Production,746.0,2274.0,1528.0,3.0483,27.96
2026-04-09 14:57:37,2026-04-08 11:00:00,FeedIn,525.0,1743.0,1218.0,3.32,27.96
2026-04-09 14:57:37,2026-04-08 11:00:00,Consumption,221.0,531.0,310.0,2.4027,27.96
2026-04-09 14:57:37,2026-04-08 11:00:00,SelfConsumption,221.0,531.0,310.0,2.4027,27.96
2026-04-09 14:57:37,2026-04-08 12:30:00,Production,1656.0,2496.0,840.0,1.5072,26.46
2026-04-09 14:57:37,2026-04-08 12:30:00,FeedIn,1182.0,1883.0,701.0,1.5931,26.46
2026-04-09 14:57:37,2026-04-08 12:30:00,Consumption,474.0,613.0,139.0,1.2932,26.46
2026-04-09 14:57:37,2026-04-08 12:30:00,SelfConsumption,474.0,613.0,139.0,1.2932,26.46
2026-04-09 14:57:37,2026-04-08 13:00:00,Production,1660.0,2494.0,834.0,1.5024,25.96
2026-04-09 14:57:37,2026-04-08 13:00:00,FeedIn,1296.0,1852.0,556.0,1.429,25.96
2026-04-09 14:57:37,2026-04-08 13:00:00,Consumption,364.0,642.0,278.0,1.7637,25.96
2026-04-09 14:57:37,2026-04-08 13:00:00,SelfConsumption,364.0,642.0,278.0,1.7637,25.96
2026-04-09 14:57:37,2026-04-08 13:30:00,Production,782.0,2448.0,1666.0,3.1304,25.46
2026-04-09 14:57:37,2026-04-08 13:30:00,FeedIn,572.0,1805.0,1233.0,3.1556,25.46
2026-04-09 14:57:37,2026-04-08 13:30:00,Consumption,210.0,643.0,433.0,3.0619,25.46
2026-04-09 14:57:37,2026-04-08 13:30:00,SelfConsumption,210.0,643.0,433.0,3.0619,25.46
2026-04-09 14:57:37,2026-04-08 14:00:00,Production,816.0,2410.0,1594.0,2.9534,24.96
2026-04-09 14:57:37,2026-04-08 14:00:00,FeedIn,664.0,1732.0,1068.0,2.6084,24.96
2026-04-09 14:57:37,2026-04-08 14:00:00,Consumption,152.0,678.0,526.0,4.4605,24.96
2026-04-09 14:57:37,2026-04-08 14:00:00,SelfConsumption,152.0,678.0,526.0,4.4605,24.96
2026-04-09 14:57:37,2026-04-08 14:30:00,Production,1522.0,2280.0,758.0,1.498,24.46
2026-04-09 14:57:37,2026-04-08 14:30:00,FeedIn,1146.0,1633.0,487.0,1.425,24.46
2026-04-09 14:57:37,2026-04-08 14:30:00,Consumption,376.0,647.0,271.0,1.7207,24.46
2026-04-09 14:57:37,2026-04-08 14:30:00,SelfConsumption,376.0,647.0,271.0,1.7207,24.46
2026-04-09 14:57:37,2026-04-08 15:00:00,Production,1428.0,2136.0,708.0,1.4958,23.96
2026-04-09 14:57:37,2026-04-08 15:00:00,FeedIn,1076.0,1488.0,412.0,1.3829,23.96
2026-04-09 14:57:37,2026-04-08 15:00:00,Consumption,352.0,648.0,296.0,1.8409,23.96
2026-04-09 14:57:37,2026-04-08 15:00:00,SelfConsumption,352.0,648.0,296.0,1.8409,23.96
2026-04-09 14:57:37,2026-04-08 15:30:00,Production,1298.0,1922.0,624.0,1.4807,23.46
2026-04-09 14:57:37,2026-04-08 15:30:00,FeedIn,868.0,1245.0,377.0,1.4343,23.46
2026-04-09 14:57:37,2026-04-08 15:30:00,Consumption,430.0,677.0,247.0,1.5744,23.46
2026-04-09 14:57:37,2026-04-08 15:30:00,SelfConsumption,430.0,677.0,247.0,1.5744,23.46
2026-04-09 14:57:37,2026-04-08 16:15:00,Production,1078.0,1598.0,520.0,1.4824,22.71
2026-04-09 14:57:37,2026-04-08 16:15:00,FeedIn,634.0,1022.0,388.0,1.612,22.71
2026-04-09 14:57:37,2026-04-08 16:15:00,Consumption,444.0,576.0,132.0,1.2973,22.71
2026-04-09 14:57:37,2026-04-08 16:15:00,SelfConsumption,444.0,576.0,132.0,1.2973,22.71
2026-04-09 14:57:37,2026-04-08 17:00:00,Production,816.0,1206.0,390.0,1.4779,21.96
2026-04-09 14:57:37,2026-04-08 17:00:00,FeedIn,481.0,674.0,193.0,1.4012,21.96
2026-04-09 14:57:37,2026-04-08 17:00:00,Consumption,335.0,532.0,197.0,1.5881,21.96
2026-04-09 14:57:37,2026-04-08 17:00:00,SelfConsumption,335.0,532.0,197.0,1.5881,21.96
2026-04-09 14:57:37,2026-04-08 18:15:00,Production,168.0,454.0,286.0,2.7024,20.71
2026-04-09 14:57:37,2026-04-08 18:15:00,FeedIn,0.0,41.0,41.0,inf,20.71
2026-04-09 14:57:37,2026-04-08 18:15:00,Consumption,234.0,603.0,369.0,2.5769,20.71
2026-04-09 14:57:37,2026-04-08 18:15:00,Purchased,66.0,190.0,124.0,2.8788,20.71
2026-04-09 14:57:37,2026-04-08 18:15:00,SelfConsumption,168.0,413.0,245.0,2.4583,20.71
2026-04-09 14:57:37,2026-04-08 18:30:00,Production,188.0,230.0,42.0,1.2234,20.46
2026-04-09 14:57:37,2026-04-08 18:30:00,Consumption,374.0,508.0,134.0,1.3583,20.46
2026-04-09 14:57:37,2026-04-08 18:30:00,Purchased,196.0,288.0,92.0,1.4694,20.46
2026-04-09 14:57:37,2026-04-08 18:30:00,SelfConsumption,178.0,220.0,42.0,1.236,20.46
2026-04-09 14:57:37,2026-04-08 19:15:00,Consumption,360.0,516.0,156.0,1.4333,19.71
2026-04-09 14:57:37,2026-04-08 19:15:00,Purchased,360.0,516.0,156.0,1.4333,19.71
2026-04-09 14:57:37,2026-04-08 20:30:00,Consumption,328.0,536.0,208.0,1.6341,18.46
2026-04-09 14:57:37,2026-04-08 20:30:00,Purchased,328.0,536.0,208.0,1.6341,18.46
2026-04-09 14:57:37,2026-04-08 21:00:00,Consumption,424.0,754.0,330.0,1.7783,17.96
2026-04-09 14:57:37,2026-04-08 21:00:00,Purchased,424.0,754.0,330.0,1.7783,17.96
2026-04-09 14:57:37,2026-04-08 21:45:00,Consumption,100.0,416.0,316.0,4.16,17.21
2026-04-09 14:57:37,2026-04-08 21:45:00,Purchased,100.0,416.0,316.0,4.16,17.21
2026-04-09 14:57:37,2026-04-08 22:45:00,Consumption,240.0,442.0,202.0,1.8417,16.21
2026-04-09 14:57:37,2026-04-08 22:45:00,Purchased,240.0,442.0,202.0,1.8417,16.21
2026-04-09 14:57:37,2026-04-09 05:45:00,Consumption,564.0,876.0,312.0,1.5532,9.21
2026-04-09 14:57:37,2026-04-09 05:45:00,Purchased,564.0,876.0,312.0,1.5532,9.21
2026-04-09 14:57:37,2026-04-09 06:15:00,Production,4.0,20.0,16.0,5.0,8.71
2026-04-09 14:57:37,2026-04-09 06:15:00,Consumption,324.0,756.0,432.0,2.3333,8.71
2026-04-09 14:57:37,2026-04-09 06:15:00,Purchased,320.0,736.0,416.0,2.3,8.71
2026-04-09 14:57:37,2026-04-09 06:15:00,SelfConsumption,4.0,20.0,16.0,5.0,8.71
2026-04-09 14:57:37,2026-04-09 06:45:00,Production,74.0,280.0,206.0,3.7838,8.21
2026-04-09 14:57:37,2026-04-09 06:45:00,Consumption,182.0,794.0,612.0,4.3626,8.21
2026-04-09 14:57:37,2026-04-09 06:45:00,Purchased,108.0,514.0,406.0,4.7593,8.21
2026-04-09 14:57:37,2026-04-09 06:45:00,SelfConsumption,74.0,280.0,206.0,3.7838,8.21
2026-04-09 14:57:37,2026-04-09 07:15:00,Production,188.0,602.0,414.0,3.2021,7.71
2026-04-09 14:57:37,2026-04-09 07:15:00,Consumption,260.0,816.0,556.0,3.1385,7.71
2026-04-09 14:57:37,2026-04-09 07:15:00,Purchased,72.0,214.0,142.0,2.9722,7.71
2026-04-09 14:57:37,2026-04-09 07:15:00,SelfConsumption,188.0,602.0,414.0,3.2021,7.71
2026-04-09 14:57:37,2026-04-09 08:00:00,Production,644.0,992.0,348.0,1.5404,6.96
2026-04-09 14:57:37,2026-04-09 08:00:00,FeedIn,219.0,297.0,78.0,1.3562,6.96
2026-04-09 14:57:37,2026-04-09 08:00:00,Consumption,425.0,695.0,270.0,1.6353,6.96
2026-04-09 14:57:37,2026-04-09 08:00:00,SelfConsumption,425.0,695.0,270.0,1.6353,6.96
2026-04-09 14:57:37,2026-04-09 08:30:00,Production,832.0,1274.0,442.0,1.5312,6.46
2026-04-09 14:57:37,2026-04-09 08:30:00,FeedIn,356.0,635.0,279.0,1.7837,6.46
2026-04-09 14:57:37,2026-04-09 08:30:00,Consumption,476.0,639.0,163.0,1.3424,6.46
2026-04-09 14:57:37,2026-04-09 08:30:00,SelfConsumption,476.0,639.0,163.0,1.3424,6.46
2026-04-09 14:57:37,2026-04-09 09:00:00,Production,1000.0,1520.0,520.0,1.52,5.96
2026-04-09 14:57:37,2026-04-09 09:00:00,FeedIn,607.0,901.0,294.0,1.4843,5.96
2026-04-09 14:57:37,2026-04-09 09:00:00,Consumption,393.0,619.0,226.0,1.5751,5.96
2026-04-09 14:57:37,2026-04-09 09:00:00,SelfConsumption,393.0,619.0,226.0,1.5751,5.96
2026-04-09 14:57:37,2026-04-09 09:45:00,Production,578.0,1790.0,1212.0,3.0969,5.21
2026-04-09 14:57:37,2026-04-09 09:45:00,FeedIn,293.0,1066.0,773.0,3.6382,5.21
2026-04-09 14:57:37,2026-04-09 09:45:00,Consumption,285.0,724.0,439.0,2.5404,5.21
2026-04-09 14:57:37,2026-04-09 09:45:00,SelfConsumption,285.0,724.0,439.0,2.5404,5.21
2026-04-09 15:37:36,2026-04-09 10:45:00,Production,1434.0,2160.0,726.0,1.5063,4.88
2026-04-09 15:37:36,2026-04-09 10:45:00,FeedIn,984.0,1441.0,457.0,1.4644,4.88
2026-04-09 15:37:36,2026-04-09 10:45:00,Consumption,450.0,719.0,269.0,1.5978,4.88
2026-04-09 15:37:36,2026-04-09 10:45:00,SelfConsumption,450.0,719.0,269.0,1.5978,4.88
2026-04-09 16:10:13,2026-04-09 11:30:00,Production,800.0,2414.0,1614.0,3.0175,4.67
2026-04-09 16:10:13,2026-04-09 11:30:00,FeedIn,570.0,1673.0,1103.0,2.9351,4.67
2026-04-09 16:10:13,2026-04-09 11:30:00,Consumption,230.0,741.0,511.0,3.2217,4.67
2026-04-09 16:10:13,2026-04-09 11:30:00,SelfConsumption,230.0,741.0,511.0,3.2217,4.67
2026-04-09 16:43:45,2026-04-09 12:00:00,Production,1656.0,2476.0,820.0,1.4952,4.73
2026-04-09 16:43:45,2026-04-09 12:00:00,FeedIn,1142.0,1746.0,604.0,1.5289,4.73
2026-04-09 16:43:45,2026-04-09 12:00:00,Consumption,514.0,730.0,216.0,1.4202,4.73
2026-04-09 16:43:45,2026-04-09 12:00:00,SelfConsumption,514.0,730.0,216.0,1.4202,4.73
2026-04-09 17:42:49,2026-04-09 13:00:00,Production,1656.0,2460.0,804.0,1.4855,4.71
2026-04-09 17:42:49,2026-04-09 13:00:00,FeedIn,1345.0,1977.0,632.0,1.4699,4.71
2026-04-09 17:42:49,2026-04-09 13:00:00,Consumption,311.0,483.0,172.0,1.5531,4.71
2026-04-09 17:42:49,2026-04-09 13:00:00,SelfConsumption,311.0,483.0,172.0,1.5531,4.71
2026-04-09 18:07:35,2026-04-09 13:30:00,Production,1660.0,2496.0,836.0,1.5036,4.63
2026-04-09 18:07:35,2026-04-09 13:30:00,FeedIn,1400.0,2082.0,682.0,1.4871,4.63
2026-04-09 18:07:35,2026-04-09 13:30:00,Consumption,260.0,414.0,154.0,1.5923,4.63
2026-04-09 18:07:35,2026-04-09 13:30:00,SelfConsumption,260.0,414.0,154.0,1.5923,4.63
2026-04-09 18:35:13,2026-04-09 14:00:00,Production,812.0,2442.0,1630.0,3.0074,4.59
2026-04-09 18:35:13,2026-04-09 14:00:00,FeedIn,702.0,2091.0,1389.0,2.9786,4.59
2026-04-09 18:35:13,2026-04-09 14:00:00,Consumption,110.0,351.0,241.0,3.1909,4.59
2026-04-09 18:35:13,2026-04-09 14:00:00,SelfConsumption,110.0,351.0,241.0,3.1909,4.59
2026-04-09 19:07:54,2026-04-09 14:30:00,Production,772.0,2332.0,1560.0,3.0207,4.63
2026-04-09 19:07:54,2026-04-09 14:30:00,FeedIn,673.0,1925.0,1252.0,2.8603,4.63
2026-04-09 19:07:54,2026-04-09 14:30:00,Consumption,99.0,407.0,308.0,4.1111,4.63
2026-04-09 19:07:54,2026-04-09 14:30:00,SelfConsumption,99.0,407.0,308.0,4.1111,4.63
2026-04-09 19:42:17,2026-04-09 15:00:00,Production,730.0,2144.0,1414.0,2.937,4.7
2026-04-09 19:42:17,2026-04-09 15:00:00,FeedIn,599.0,1815.0,1216.0,3.0301,4.7
2026-04-09 19:42:17,2026-04-09 15:00:00,Consumption,131.0,329.0,198.0,2.5115,4.7
2026-04-09 19:42:17,2026-04-09 15:00:00,SelfConsumption,131.0,329.0,198.0,2.5115,4.7
2026-04-09 20:07:00,2026-04-09 15:30:00,Production,1300.0,1934.0,634.0,1.4877,4.62
2026-04-09 20:07:00,2026-04-09 15:30:00,FeedIn,1032.0,1502.0,470.0,1.4554,4.62
2026-04-09 20:07:00,2026-04-09 15:30:00,Consumption,268.0,432.0,164.0,1.6119,4.62
2026-04-09 20:07:00,2026-04-09 15:30:00,SelfConsumption,268.0,432.0,164.0,1.6119,4.62
2026-04-09 20:31:20,2026-04-09 16:00:00,Production,578.0,1712.0,1134.0,2.9619,4.52
2026-04-09 20:31:20,2026-04-09 16:00:00,FeedIn,428.0,1197.0,769.0,2.7967,4.52
2026-04-09 20:31:20,2026-04-09 16:00:00,Consumption,150.0,515.0,365.0,3.4333,4.52
2026-04-09 20:31:20,2026-04-09 16:00:00,SelfConsumption,150.0,515.0,365.0,3.4333,4.52
2026-04-09 22:44:40,2026-04-09 18:15:00,Production,160.0,444.0,284.0,2.775,4.49
2026-04-09 22:44:40,2026-04-09 18:15:00,FeedIn,36.0,119.0,83.0,3.3056,4.49
2026-04-09 22:44:40,2026-04-09 18:15:00,Consumption,152.0,363.0,211.0,2.3882,4.49
2026-04-09 22:44:40,2026-04-09 18:15:00,Purchased,28.0,38.0,10.0,1.3571,4.49
2026-04-09 22:44:40,2026-04-09 18:15:00,SelfConsumption,124.0,325.0,201.0,2.621,4.49
2026-04-09 23:47:07,2026-04-09 19:15:00,Consumption,268.0,352.0,84.0,1.3134,4.54
2026-04-09 23:47:07,2026-04-09 19:15:00,Purchased,268.0,352.0,84.0,1.3134,4.54
2026-04-10 03:51:37,2026-04-09 22:30:00,Consumption,240.0,374.0,134.0,1.5583,5.36
2026-04-10 03:51:37,2026-04-09 22:30:00,Purchased,240.0,374.0,134.0,1.5583,5.36
2026-04-10 10:08:01,2026-04-09 23:45:00,Consumption,214.0,642.0,428.0,3.0,10.38
2026-04-10 10:08:01,2026-04-09 23:45:00,Purchased,214.0,642.0,428.0,3.0,10.38
2026-04-10 10:35:14,2026-04-10 06:00:00,Consumption,200.0,506.0,306.0,2.53,4.59
2026-04-10 10:35:14,2026-04-10 06:00:00,Purchased,200.0,506.0,306.0,2.53,4.59
2026-04-10 11:05:29,2026-04-10 06:30:00,Production,18.0,104.0,86.0,5.7778,4.59
2026-04-10 11:05:29,2026-04-10 06:30:00,Consumption,96.0,410.0,314.0,4.2708,4.59
2026-04-10 11:05:29,2026-04-10 06:30:00,Purchased,78.0,306.0,228.0,3.9231,4.59
2026-04-10 11:05:29,2026-04-10 06:30:00,SelfConsumption,18.0,104.0,86.0,5.7778,4.59
2026-04-10 11:31:47,2026-04-10 07:00:00,Production,90.0,378.0,288.0,4.2,4.53
2026-04-10 11:31:47,2026-04-10 07:00:00,Consumption,74.0,492.0,418.0,6.6486,4.53
2026-04-10 11:31:47,2026-04-10 07:00:00,Purchased,26.0,156.0,130.0,6.0,4.53
2026-04-10 11:31:47,2026-04-10 07:00:00,SelfConsumption,48.0,336.0,288.0,7.0,4.53
2026-04-10 13:29:56,2026-04-10 08:45:00,Production,414.0,1294.0,880.0,3.1256,4.75
2026-04-10 13:29:56,2026-04-10 08:45:00,FeedIn,264.0,852.0,588.0,3.2273,4.75
2026-04-10 13:29:56,2026-04-10 08:45:00,Consumption,150.0,442.0,292.0,2.9467,4.75
2026-04-10 13:29:56,2026-04-10 08:45:00,SelfConsumption,150.0,442.0,292.0,2.9467,4.75
2026-04-10 15:06:44,2026-04-10 10:30:00,Production,644.0,1936.0,1292.0,3.0062,4.61
2026-04-10 15:06:44,2026-04-10 10:30:00,FeedIn,510.0,1446.0,936.0,2.8353,4.61
2026-04-10 15:06:44,2026-04-10 10:30:00,Consumption,134.0,490.0,356.0,3.6567,4.61
2026-04-10 15:06:44,2026-04-10 10:30:00,SelfConsumption,134.0,490.0,356.0,3.6567,4.61
2026-04-10 15:32:05,2026-04-10 11:00:00,Production,700.0,2114.0,1414.0,3.02,4.53
2026-04-10 15:32:05,2026-04-10 11:00:00,FeedIn,545.0,1673.0,1128.0,3.0697,4.53
2026-04-10 15:32:05,2026-04-10 11:00:00,Consumption,155.0,441.0,286.0,2.8452,4.53
2026-04-10 15:32:05,2026-04-10 11:00:00,SelfConsumption,155.0,441.0,286.0,2.8452,4.53
2026-04-10 16:32:35,2026-04-10 12:00:00,Production,782.0,2270.0,1488.0,2.9028,4.54
2026-04-10 16:32:35,2026-04-10 12:00:00,FeedIn,557.0,1560.0,1003.0,2.8007,4.54
2026-04-10 16:32:35,2026-04-10 12:00:00,Consumption,225.0,710.0,485.0,3.1556,4.54
2026-04-10 16:32:35,2026-04-10 12:00:00,SelfConsumption,225.0,710.0,485.0,3.1556,4.54
2026-04-10 17:32:20,2026-04-10 13:00:00,Production,796.0,2386.0,1590.0,2.9975,4.54
2026-04-10 17:32:20,2026-04-10 13:00:00,FeedIn,654.0,1795.0,1141.0,2.7446,4.54
2026-04-10 17:32:20,2026-04-10 13:00:00,Consumption,142.0,591.0,449.0,4.162,4.54
2026-04-10 17:32:20,2026-04-10 13:00:00,SelfConsumption,142.0,591.0,449.0,4.162,4.54
2026-04-10 18:32:24,2026-04-10 13:15:00,Production,1594.0,2376.0,782.0,1.4906,5.29
2026-04-10 18:32:24,2026-04-10 13:15:00,FeedIn,1258.0,1887.0,629.0,1.5,5.29
2026-04-10 18:32:24,2026-04-10 13:15:00,Consumption,336.0,489.0,153.0,1.4554,5.29
2026-04-10 18:32:24,2026-04-10 13:15:00,SelfConsumption,336.0,489.0,153.0,1.4554,5.29
2026-04-10 19:31:25,2026-04-10 15:00:00,Production,676.0,1984.0,1308.0,2.9349,4.52
2026-04-10 19:31:25,2026-04-10 15:00:00,FeedIn,442.0,1453.0,1011.0,3.2873,4.52
2026-04-10 19:31:25,2026-04-10 15:00:00,Consumption,234.0,531.0,297.0,2.2692,4.52
2026-04-10 19:31:25,2026-04-10 15:00:00,SelfConsumption,234.0,531.0,297.0,2.2692,4.52
2026-04-10 20:14:21,2026-04-10 15:45:00,Production,1042.0,1616.0,574.0,1.5509,4.49
2026-04-10 20:14:21,2026-04-10 15:45:00,FeedIn,793.0,1262.0,469.0,1.5914,4.49
2026-04-10 20:14:21,2026-04-10 15:45:00,Consumption,249.0,354.0,105.0,1.4217,4.49
2026-04-10 20:14:21,2026-04-10 15:45:00,SelfConsumption,249.0,354.0,105.0,1.4217,4.49
2026-04-10 21:09:58,2026-04-10 16:45:00,Production,286.0,770.0,484.0,2.6923,4.42
2026-04-10 21:09:58,2026-04-10 16:45:00,FeedIn,137.0,460.0,323.0,3.3577,4.42
2026-04-10 21:09:58,2026-04-10 16:45:00,Consumption,149.0,310.0,161.0,2.0805,4.42
2026-04-10 21:09:58,2026-04-10 16:45:00,SelfConsumption,149.0,310.0,161.0,2.0805,4.42
2026-04-10 21:25:07,2026-04-10 17:00:00,Production,398.0,578.0,180.0,1.4523,4.42
2026-04-10 21:25:07,2026-04-10 17:00:00,FeedIn,212.0,347.0,135.0,1.6368,4.42
2026-04-10 21:25:07,2026-04-10 17:00:00,Consumption,186.0,231.0,45.0,1.2419,4.42
2026-04-10 21:25:07,2026-04-10 17:00:00,SelfConsumption,186.0,231.0,45.0,1.2419,4.42
2026-04-10 21:44:17,2026-04-10 17:15:00,Production,180.0,430.0,250.0,2.3889,4.49
2026-04-10 21:44:17,2026-04-10 17:15:00,FeedIn,45.0,130.0,85.0,2.8889,4.49
2026-04-10 21:44:17,2026-04-10 17:15:00,Consumption,141.0,312.0,171.0,2.2128,4.49
2026-04-10 21:44:17,2026-04-10 17:15:00,Purchased,6.0,12.0,6.0,2.0,4.49
2026-04-10 21:44:17,2026-04-10 17:15:00,SelfConsumption,135.0,300.0,165.0,2.2222,4.49
2026-04-10 22:43:56,2026-04-10 18:15:00,Production,38.0,116.0,78.0,3.0526,4.48
2026-04-10 22:43:56,2026-04-10 18:15:00,Consumption,148.0,310.0,162.0,2.0946,4.48
2026-04-10 22:43:56,2026-04-10 18:15:00,Purchased,110.0,194.0,84.0,1.7636,4.48
2026-04-10 22:43:56,2026-04-10 18:15:00,SelfConsumption,38.0,116.0,78.0,3.0526,4.48
2026-04-10 23:43:38,2026-04-10 19:15:00,Consumption,96.0,288.0,192.0,3.0,4.48
2026-04-10 23:43:38,2026-04-10 19:15:00,Purchased,96.0,288.0,192.0,3.0,4.48
2026-04-10 23:58:31,2026-04-10 19:30:00,Consumption,186.0,312.0,126.0,1.6774,4.48
2026-04-10 23:58:31,2026-04-10 19:30:00,Purchased,186.0,312.0,126.0,1.6774,4.48
2026-04-11 00:50:08,2026-04-10 19:45:00,Consumption,188.0,284.0,96.0,1.5106,5.09
2026-04-11 00:50:08,2026-04-10 19:45:00,Purchased,188.0,284.0,96.0,1.5106,5.09
2026-04-11 01:32:26,2026-04-10 20:45:00,Consumption,96.0,388.0,292.0,4.0417,4.79
2026-04-11 01:32:26,2026-04-10 20:45:00,Purchased,96.0,388.0,292.0,4.0417,4.79
2026-04-11 03:37:31,2026-04-10 22:30:00,Consumption,132.0,324.0,192.0,2.4545,5.13
2026-04-11 03:37:31,2026-04-10 22:30:00,Purchased,132.0,324.0,192.0,2.4545,5.13
2026-04-11 04:29:47,2026-04-10 23:30:00,Consumption,48.0,214.0,166.0,4.4583,5.0
2026-04-11 04:29:47,2026-04-10 23:30:00,Purchased,48.0,214.0,166.0,4.4583,5.0
2026-04-11 10:24:11,2026-04-11 06:00:00,Consumption,218.0,328.0,110.0,1.5046,4.4
2026-04-11 10:24:11,2026-04-11 06:00:00,Purchased,218.0,328.0,110.0,1.5046,4.4
2026-04-11 10:44:09,2026-04-11 06:15:00,Production,4.0,12.0,8.0,3.0,4.49
2026-04-11 10:44:09,2026-04-11 06:15:00,Consumption,330.0,500.0,170.0,1.5152,4.49
2026-04-11 10:44:09,2026-04-11 06:15:00,Purchased,326.0,488.0,162.0,1.4969,4.49
2026-04-11 10:44:09,2026-04-11 06:15:00,SelfConsumption,4.0,12.0,8.0,3.0,4.49
2026-04-11 11:54:07,2026-04-11 07:30:00,Production,456.0,706.0,250.0,1.5482,4.4
2026-04-11 11:54:07,2026-04-11 07:30:00,Consumption,445.0,917.0,472.0,2.0607,4.4
2026-04-11 11:54:07,2026-04-11 07:30:00,Purchased,32.0,254.0,222.0,7.9375,4.4
2026-04-11 11:54:07,2026-04-11 07:30:00,SelfConsumption,413.0,663.0,250.0,1.6053,4.4
2026-04-11 12:07:37,2026-04-11 07:45:00,Production,540.0,832.0,292.0,1.5407,4.38
2026-04-11 12:07:37,2026-04-11 07:45:00,FeedIn,140.0,196.0,56.0,1.4,4.38
2026-04-11 12:07:37,2026-04-11 07:45:00,Consumption,552.0,822.0,270.0,1.4891,4.38
2026-04-11 12:07:37,2026-04-11 07:45:00,Purchased,152.0,186.0,34.0,1.2237,4.38
2026-04-11 12:07:37,2026-04-11 07:45:00,SelfConsumption,400.0,636.0,236.0,1.59,4.38
2026-04-11 12:26:37,2026-04-11 08:00:00,Production,302.0,978.0,676.0,3.2384,4.44
2026-04-11 12:26:37,2026-04-11 08:00:00,FeedIn,136.0,268.0,132.0,1.9706,4.44
2026-04-11 12:26:37,2026-04-11 08:00:00,Consumption,186.0,940.0,754.0,5.0538,4.44
2026-04-11 12:26:37,2026-04-11 08:00:00,Purchased,20.0,230.0,210.0,11.5,4.44
2026-04-11 12:26:37,2026-04-11 08:00:00,SelfConsumption,166.0,710.0,544.0,4.2771,4.44
2026-04-11 12:47:52,2026-04-11 08:15:00,Production,742.0,1132.0,390.0,1.5256,4.55
2026-04-11 12:47:52,2026-04-11 08:15:00,FeedIn,0.0,92.0,92.0,inf,4.55
2026-04-11 12:47:52,2026-04-11 08:15:00,Consumption,1302.0,1688.0,386.0,1.2965,4.55
2026-04-11 12:47:52,2026-04-11 08:15:00,Purchased,560.0,648.0,88.0,1.1571,4.55
2026-04-11 12:47:52,2026-04-11 08:15:00,SelfConsumption,742.0,1040.0,298.0,1.4016,4.55
2026-04-11 13:23:39,2026-04-11 09:15:00,Production,534.0,1082.0,548.0,2.0262,4.14
2026-04-11 13:23:39,2026-04-11 09:15:00,FeedIn,307.0,725.0,418.0,2.3616,4.14
2026-04-11 13:23:39,2026-04-11 09:15:00,Consumption,227.0,357.0,130.0,1.5727,4.14
2026-04-11 13:23:39,2026-04-11 09:15:00,SelfConsumption,227.0,357.0,130.0,1.5727,4.14
2026-04-11 13:46:58,2026-04-11 09:15:00,Production,1082.0,1690.0,608.0,1.5619,4.53
2026-04-11 13:46:58,2026-04-11 09:15:00,FeedIn,725.0,1128.0,403.0,1.5559,4.53
2026-04-11 13:46:58,2026-04-11 09:15:00,Consumption,357.0,562.0,205.0,1.5742,4.53
2026-04-11 13:46:58,2026-04-11 09:15:00,SelfConsumption,357.0,562.0,205.0,1.5742,4.53
2026-04-11 14:26:20,2026-04-11 10:00:00,Production,1280.0,1952.0,672.0,1.525,4.44
2026-04-11 14:26:20,2026-04-11 10:00:00,FeedIn,909.0,1353.0,444.0,1.4884,4.44
2026-04-11 14:26:20,2026-04-11 10:00:00,Consumption,371.0,599.0,228.0,1.6146,4.44
2026-04-11 14:26:20,2026-04-11 10:00:00,SelfConsumption,371.0,599.0,228.0,1.6146,4.44
